Symbol,Price~,"Exp Date",Type,Strike,Moneyness,Bid,Ask,Volume,"Open Int",Vol/OI,"Imp Vol",Delta,Time
CVS,64.04,2025-06-06,Call,68.00,-6.18%,0.12,0.14,58325,243,240.02,30.44%,0.09215,2025-05-30
DLTR,90.26,2025-06-06,Put,86.00,-4.72%,2.24,2.67,23019,118,195.08,53.27%,-0.322279,2025-05-30
MRNA,26.56,2025-06-06,Call,30.50,-14.83%,0.16,0.19,18107,210,86.22,73.61%,0.129482,2025-05-30
RELY,21.36,2025-06-20,Call,22.50,-5.34%,0.4,0.5,8270,103,80.29,36.33%,0.331369,2025-05-30
CSX,31.59,2025-09-19,Call,35.00,-10.79%,0.75,0.8,67405,1068,63.11,25.94%,0.286392,2025-05-30
OKLO,52.72,2025-06-06,Put,44.00,-16.54%,0.3,0.47,9432,172,54.84,105.75%,-0.101358,2025-05-30
URGN,4.24,2025-07-18,Call,5.00,-17.92%,1.6,1.7,5582,110,50.75,363.60%,0.668281,2025-05-30
CPB,34.04,2025-06-06,Call,37.00,-8.70%,0.15,0.2,8564,192,44.6,32.62%,0.146404,2025-05-30
NVDA,135.13,2025-07-11,Call,140.00,-3.60%,5,6.4,5100,121,42.15,39.04%,0.432093,2025-05-30
MSTR,369.06,2025-06-06,Call,387.50,-5.00%,4,4.3,17079,429,39.81,59.11%,0.265019,2025-05-30
MSTR,369.06,2025-06-06,Call,385.00,-4.32%,4.7,4.85,35906,908,39.54,59.11%,0.295583,2025-05-30
RXT,1.14,2026-03-20,Put,1.0000,-12.28%,0.3,0.35,3757,101,37.2,122.31%,-0.264124,2025-05-30
IONQ,40.34,2025-06-06,Put,36.00,-10.76%,0.41,0.48,4408,119,37.04,93.69%,-0.159812,2025-05-30
FCEL,5.11,2025-06-06,Call,6.00,-17.42%,0.14,0.17,5336,151,35.34,205.99%,0.248331,2025-05-30
PLTR,131.78,2025-06-06,Put,128.00,-2.87%,2.67,2.74,12421,364,34.12,60.56%,-0.346736,2025-05-30
DJT,21.33,2025-06-13,Call,22.00,-3.14%,1.15,1.23,6028,177,34.06,95.31%,0.469128,2025-05-30
BHF,59.81,2025-07-18,Put,55.00,-8.04%,2,2.45,9092,289,31.46,49.55%,-0.286273,2025-05-30
ETSY,55.35,2025-06-20,Call,54.00,+2.44%,2.67,2.94,7742,253,30.6,39.11%,0.62851,2025-05-30
NVDA,135.13,2025-06-06,Call,139.00,-2.86%,1.2,1.23,99332,3354,29.62,39.04%,0.29646,2025-05-30
GRAB,4.87,2025-10-17,Put,3.50,-28.13%,0.05,0.1,5001,173,28.91,41.73%,-0.111888,2025-05-30
HUM,233.13,2025-06-06,Call,275.00,-17.96%,0.95,1.35,2834,100,28.34,56.92%,0.102978,2025-05-30
NLY,18.95,2025-06-20,Put,18.50,-2.37%,0.19,0.25,4420,169,26.15,25.41%,-0.350755,2025-05-30
COIN,246.62,2025-06-06,Call,282.50,-14.55%,0.65,0.69,5699,223,25.56,56.25%,0.070987,2025-05-30
LVS,41.16,2025-06-20,Call,42.50,-3.26%,0.9,0.94,3136,125,25.09,38.16%,0.381891,2025-05-30
UPST,47.17,2025-06-06,Call,48.00,-1.76%,1.36,1.47,3041,123,24.72,67.68%,0.44971,2025-05-30
FCX,38.48,2025-06-13,Call,41.00,-6.55%,0.37,0.43,5111,208,24.57,42.31%,0.233361,2025-05-30
U,26.08,2025-06-06,Call,33.00,-26.53%,0.25,0.32,2427,101,24.03,87.30%,0.12167,2025-05-30
ETSY,55.35,2025-06-20,Call,56.00,-1.17%,1.78,1.86,5849,253,23.12,39.11%,0.47882,2025-05-30
DJT,21.33,2025-09-19,Call,19.00,+10.92%,4.55,5.5,3523,155,22.73,95.31%,0.696016,2025-05-30
XOM,102.3,2025-06-06,Put,97.00,-5.18%,0.13,0.17,5857,258,22.7,25.03%,-0.085096,2025-05-30
COIN,246.62,2025-06-06,Call,257.50,-4.41%,3.25,3.45,11119,502,22.15,56.25%,0.298028,2025-05-30
PLTR,131.78,2025-06-06,Put,129.00,-2.11%,3,3.2,6278,288,21.8,60.56%,-0.383178,2025-05-30
IBRX,2.66,2025-07-18,Put,4.00,+50.38%,1.25,1.6,8903,412,21.61,110.06%,-0.715969,2025-05-30
INTC,19.55,2025-06-06,Call,19.50,+0.26%,0.49,0.5,7085,340,20.84,45.52%,0.530652,2025-05-30
PBR,11.54,2025-06-20,Put,10.50,-9.01%,0.08,0.12,2889,152,19.01,67.22%,-0.16597,2025-05-30
PLTR,131.78,2025-06-06,Put,131.00,-0.59%,3.9,4,2026,108,18.76,60.56%,-0.452481,2025-05-30
NKE,60.59,2025-06-20,Put,54.00,-10.88%,0.23,0.26,3012,163,18.48,46.55%,-0.093383,2025-05-30
HOLX,62.17,2025-12-19,Call,70.00,-12.59%,2.7,3.6,2002,109,18.37,33.91%,0.383362,2025-05-30
MSTR,369.06,2025-06-13,Put,315.00,-14.65%,2.26,2.44,2013,110,18.3,59.11%,-0.098124,2025-05-30
PLTR,131.78,2025-06-06,Put,130.00,-1.35%,3.45,3.55,9110,501,18.18,60.56%,-0.416292,2025-05-30
INTC,19.55,2025-06-13,Put,17.50,-10.49%,0.09,0.11,2105,116,18.15,45.52%,-0.108647,2025-05-30
TMO,402.82,2025-06-20,Put,520.00,+29.09%,115.2,118.7,3070,170,18.06,33.70%,-0.928092,2025-05-30
INTC,19.55,2025-06-27,Put,18.50,-5.37%,0.47,0.5,5257,294,17.88,45.52%,-0.297486,2025-05-30
BB,3.96,2025-06-06,Call,3.50,+11.62%,0.43,0.49,6786,388,17.49,76.71%,0.879343,2025-05-30
RRGB,5.1,2025-06-20,Call,5.00,+1.96%,0.55,0.65,7019,409,17.16,106.27%,0.584353,2025-05-30
MRVL,60.19,2025-06-06,Call,62.00,-3.01%,1.01,1.04,4209,251,16.77,54.73%,0.358049,2025-05-30
TU,16.39,2025-12-19,Call,17.50,-6.77%,0.3,0.55,3207,196,16.36,28.83%,0.303818,2025-05-30
NVDA,135.13,2025-07-03,Put,119.00,-11.94%,1.36,1.41,6824,418,16.33,39.04%,-0.143139,2025-05-30
BABA,113.84,2025-06-06,Call,114.00,-0.14%,2.09,2.15,2325,143,16.26,35.94%,0.496416,2025-05-30
NVDA,135.13,2025-06-06,Call,110.00,+18.60%,24.65,25.25,20955,1291,16.23,39.04%,0.99005,2025-05-30
CNX,32.28,2025-06-20,Call,32.00,+0.87%,1.1,1.5,3042,189,16.1,41.09%,0.516949,2025-05-30
DELL,111.27,2025-06-13,Put,110.00,-1.14%,2.88,3.05,1959,122,16.06,41.34%,-0.424435,2025-05-30
COST,1040.18,2025-06-06,Call,"1,080.00",-3.83%,1.16,1.91,1850,116,15.95,21.91%,0.104844,2025-05-30
JHX,23.3,2025-06-20,Call,25.00,-7.30%,0.25,0.6,2014,128,15.73,45.85%,0.274175,2025-05-30
DELL,111.27,2025-06-20,Put,113.00,+1.55%,4.95,5.1,5053,322,15.69,41.34%,-0.542909,2025-05-30
MSFT,460.36,2025-08-15,Call,525.00,-14.04%,1.71,2.34,16242,1049,15.48,18.99%,0.099394,2025-05-30
COST,1040.18,2025-06-06,Call,"1,070.00",-2.87%,2.25,3.05,1879,122,15.4,21.91%,0.172856,2025-05-30
META,647.49,2025-06-06,Call,652.50,-0.77%,7.3,7.65,4902,321,15.27,29.59%,0.43169,2025-05-30
COST,1040.18,2025-06-20,Call,"1,140.00",-9.60%,0.8,0.92,9402,617,15.24,21.91%,0.04061,2025-05-30
TSLA,346.46,2025-06-06,Call,260.00,+24.96%,85.85,86.4,3132,209,14.99,62.57%,0,2025-05-30
PFE,23.49,2025-10-17,Put,20.00,-14.86%,0.42,0.48,2013,136,14.8,25.73%,-0.17768,2025-05-30
DIS,113.04,2025-06-06,Call,117.00,-3.50%,0.16,0.19,2544,174,14.62,21.18%,0.1205,2025-05-30
GAP,22.31,2025-06-20,Call,23.00,-3.09%,0.6,0.7,20087,1404,14.31,44.06%,0.40705,2025-05-30
PG,169.89,2025-06-06,Put,170.00,+0.06%,1.33,1.8,1712,120,14.27,16.99%,-0.503451,2025-05-30
META,647.49,2025-06-06,Call,657.50,-1.55%,5.3,5.55,2461,173,14.23,29.59%,0.351032,2025-05-30
BBY,66.28,2025-06-06,Call,68.00,-2.60%,0.54,0.66,1642,117,14.03,35.72%,0.311971,2025-05-30
MO,60.61,2025-06-06,Call,62.00,-2.29%,0.11,0.13,8733,625,13.97,19.15%,0.163222,2025-05-30
PDD,96.51,2025-06-13,Put,93.00,-3.64%,1.29,1.43,1569,114,13.76,37.90%,-0.291013,2025-05-30
CRM,265.37,2025-09-19,Call,290.00,-9.28%,10.4,10.7,14133,1029,13.73,28.40%,0.362406,2025-05-30
SBUX,83.95,2025-06-06,Call,84.00,-0.06%,1.33,1.46,1401,103,13.6,31.14%,0.505174,2025-05-30
VITL,31.84,2025-07-18,Call,30.00,+5.78%,2.95,3.3,2747,205,13.4,43.42%,0.683567,2025-05-30
KMI,28.04,2025-06-27,Call,30.00,-6.99%,0.13,0.18,2032,153,13.28,25.94%,0.16518,2025-05-30
NVDA,135.13,2025-07-03,Put,123.00,-8.98%,2.04,2.13,1571,119,13.2,39.04%,-0.203436,2025-05-30
CAH,154.44,2025-06-13,Put,152.50,-1.26%,1.8,2.15,1656,126,13.14,23.21%,-0.378628,2025-05-30
ACHR,10.09,2025-06-06,Call,10.50,-4.06%,0.22,0.24,3496,267,13.09,76.61%,0.366419,2025-05-30
SHOP,107.22,2025-06-06,Call,109.00,-1.66%,1.82,1.96,1718,132,13.02,47.97%,0.41098,2025-05-30
IBRX,2.66,2025-07-18,Call,4.00,-50.38%,0.1,0.2,9336,721,12.95,110.06%,0.255113,2025-05-30
RGTI,12.11,2025-07-18,Call,25.00,-106.44%,0.2,0.22,1836,142,12.93,98.88%,0.091737,2025-05-30
NKE,60.59,2025-06-27,Put,57.00,-5.93%,1.52,1.76,3111,241,12.91,46.55%,-0.300547,2025-05-30
MSTR,369.06,2025-06-06,Call,382.50,-3.64%,5.35,5.6,17662,1384,12.76,59.11%,0.324875,2025-05-30
BABA,113.84,2025-06-20,Call,116.00,-1.90%,2.55,2.67,1275,100,12.75,35.94%,0.418131,2025-05-30
NBIS,36.75,2025-06-13,Call,42.00,-14.29%,0.6,0.7,2141,169,12.67,76.88%,0.22485,2025-05-30
PLTR,131.78,2025-06-06,Call,141.00,-7.00%,1.43,1.5,10058,800,12.57,60.56%,0.23305,2025-05-30
AGNC,8.94,2025-07-03,Call,9.00,-0.67%,0.17,0.23,2718,217,12.53,22.19%,0.463656,2025-05-30
GH,40.62,2025-06-20,Call,41.00,-0.94%,1.9,2.9,1261,101,12.49,61.11%,0.513459,2025-05-30
DG,97.25,2025-06-06,Call,105.00,-7.97%,1.58,1.89,1294,105,12.32,48.52%,0.270246,2025-05-30
MRNA,26.56,2025-06-06,Put,26.00,-2.11%,0.82,0.89,7722,630,12.26,73.61%,-0.399839,2025-05-30
MSTR,369.06,2025-06-13,Put,265.00,-28.20%,1.09,1.19,2114,173,12.22,59.11%,-0.036656,2025-05-30
ASST,7.01,2025-06-20,Call,7.50,-6.99%,1,1.4,1583,130,12.18,0.00%,0.562698,2025-05-30
HAL,19.59,2025-09-19,Put,16.00,-18.33%,0.53,0.61,1500,124,12.1,40.13%,-0.175571,2025-05-30
VZ,43.96,2025-07-03,Call,45.00,-2.37%,0.53,0.64,2019,168,12.02,19.14%,0.348255,2025-05-30
HPQ,24.9,2025-07-18,Put,24.00,-3.61%,0.78,0.91,3698,309,11.97,32.07%,-0.361336,2025-05-30
RRGB,5.1,2025-06-20,Put,5.00,-1.96%,0.45,0.55,1622,136,11.93,106.27%,-0.414685,2025-05-30
PINS,31.11,2025-06-06,Call,32.00,-2.86%,0.33,0.36,3286,276,11.91,42.44%,0.320398,2025-05-30
SNOW,205.67,2025-06-06,Put,160.00,-22.21%,0.06,0.11,4295,370,11.61,32.73%,-0.011872,2025-05-30
AAPL,200.85,2025-06-20,Put,245.00,+21.98%,43.8,44.7,8780,765,11.48,30.18%,-0.971206,2025-05-30
TMO,402.82,2025-06-20,Put,490.00,+21.64%,85.7,89.1,1170,102,11.47,33.70%,-0.925994,2025-05-30
ZIM,17.45,2025-06-06,Call,17.50,-0.29%,0.03,0.31,1267,112,11.31,53.90%,0.433736,2025-05-30
ZIM,17.45,2025-06-27,Put,16.00,-8.31%,0.15,1.15,1600,144,11.11,53.90%,-0.335421,2025-05-30
ZIM,17.45,2026-01-16,Call,9.16,+47.51%,8.15,8.6,3060,276,11.09,53.90%,0.895529,2025-05-30
SMCI,40.02,2025-06-20,Call,47.50,-18.69%,0.68,0.72,1551,140,11.08,70.71%,0.192002,2025-05-30
EA,143.78,2025-08-15,Call,150.00,-4.33%,4.5,4.8,2547,231,11.03,22.81%,0.406499,2025-05-30
PLTR,131.78,2025-06-06,Call,114.00,+13.49%,18,18.8,3142,287,10.95,60.56%,0.919965,2025-05-30
INTC,19.55,2025-06-13,Call,19.50,+0.26%,0.68,0.73,1450,134,10.82,45.52%,0.53152,2025-05-30
CRM,265.37,2025-06-20,Put,330.00,+24.35%,63,66.85,1333,124,10.75,28.40%,-0.897545,2025-05-30
CRWV,111.31,2025-06-20,Call,65.00,+41.60%,44.4,47.9,1371,129,10.63,114.17%,0.937817,2025-05-30
TSLA,346.46,2025-06-06,Call,342.50,+1.14%,12.8,12.95,6882,648,10.62,62.57%,0.577819,2025-05-30
GAP,22.31,2025-06-06,Put,22.50,+0.85%,0.57,0.67,1377,130,10.59,44.06%,-0.544699,2025-05-30
META,647.49,2025-06-06,Put,632.50,-2.32%,4.5,4.75,1169,112,10.44,29.59%,-0.274368,2025-05-30
TSLA,346.46,2025-06-06,Call,357.50,-3.19%,6.5,6.6,17794,1715,10.38,62.57%,0.364668,2025-05-30
C,75.32,2025-06-27,Call,81.00,-7.54%,0.19,0.42,1045,101,10.35,26.92%,0.154005,2025-05-30
TSLA,346.46,2025-06-06,Call,352.50,-1.74%,8.25,8.4,9725,953,10.2,62.57%,0.431895,2025-05-30
TSLA,346.46,2025-06-06,Put,347.50,+0.30%,11.8,11.9,11793,1161,10.16,62.57%,-0.495385,2025-05-30
FANG,134.55,2025-06-20,Put,207.49,+54.21%,71,74.8,1330,131,10.15,36.29%,-0.888146,2025-05-30
MRVL,60.19,2025-06-06,Call,61.00,-1.35%,1.39,1.51,2632,261,10.08,54.73%,0.447745,2025-05-30
ABNB,129,2025-06-06,Put,130.00,+0.78%,2.7,3,1020,102,10,33.94%,-0.552577,2025-05-30
PLTR,131.78,2025-06-13,Put,130.00,-1.35%,5.15,5.3,1599,160,9.99,60.56%,-0.426536,2025-05-30
FANG,134.55,2025-06-20,Put,192.49,+43.06%,56,59.6,1230,125,9.84,36.29%,-0.984278,2025-05-30
PG,169.89,2025-06-06,Call,175.00,-3.01%,0.09,0.16,1939,197,9.84,16.99%,0.085262,2025-05-30
XYZ,61.75,2025-06-06,Call,64.00,-3.64%,0.62,0.67,10079,1025,9.83,44.28%,0.29089,2025-05-30
HPQ,24.9,2025-07-18,Put,23.00,-7.63%,0.48,0.54,7198,733,9.82,32.07%,-0.248255,2025-05-30
FANG,134.55,2025-06-20,Put,182.49,+35.63%,46,49.8,1150,118,9.75,36.29%,-0.866739,2025-05-30
MTCH,29.94,2025-06-06,Put,29.00,-3.14%,0.11,0.75,2504,259,9.67,33.94%,-0.227982,2025-05-30
BITF,0.9209,2027-01-15,Put,2.0000,+117.18%,1.24,1.3,5000,520,9.62,211.70%,-0.523279,2025-05-30
FANG,134.55,2025-06-20,Put,197.49,+46.78%,61.1,64.4,1440,150,9.6,36.29%,-0.897415,2025-05-30
BABA,113.84,2025-06-06,Put,109.00,-4.25%,0.57,0.62,2063,215,9.6,35.94%,-0.186477,2025-05-30
MCD,313.85,2025-06-20,Call,265.00,+15.56%,48.3,50.4,1232,129,9.55,17.32%,0.952361,2025-05-30
FANG,134.55,2025-06-20,Put,185.31,+37.73%,48.8,52.2,1440,151,9.54,36.29%,-0.888534,2025-05-30
AR,37.45,2025-09-19,Call,43.00,-14.82%,1.35,1.5,1010,107,9.44,38.56%,0.312555,2025-05-30
FANG,134.55,2025-06-20,Put,178.56,+32.71%,42.2,45.7,1150,122,9.43,36.29%,-0.869342,2025-05-30
ZIM,17.45,2025-06-20,Call,13.00,+25.50%,4.35,4.8,4080,433,9.42,53.90%,0.982376,2025-05-30
AMD,110.73,2025-06-06,Call,114.00,-2.95%,1.2,1.22,12989,1382,9.4,43.42%,0.314183,2025-05-30
FI,162.79,2025-06-20,Put,220.00,+35.14%,56.3,59.3,1390,148,9.39,26.53%,-0.867625,2025-05-30
TSLA,346.46,2025-06-06,Call,337.50,+2.59%,15.65,15.8,6389,682,9.37,62.57%,0.651117,2025-05-30
GAP,22.31,2025-07-18,Put,20.00,-10.35%,0.47,0.5,1493,160,9.33,44.06%,-0.218908,2025-05-30
AAPL,200.85,2025-06-20,Put,250.00,+24.47%,49,49.55,12390,1329,9.32,30.18%,-0.970615,2025-05-30
NKE,60.59,2025-06-20,Call,40.00,+33.98%,20.45,20.65,1400,151,9.27,46.55%,0.986999,2025-05-30
EOSE,4.16,2025-06-06,Call,4.00,+3.85%,0.29,0.31,982,106,9.26,99.95%,0.646352,2025-05-30
STZ,178.29,2026-01-16,Put,270.00,+51.44%,89.9,93.8,1600,173,9.25,31.75%,-0.863158,2025-05-30
FCX,38.48,2025-06-06,Put,39.50,+2.65%,1.39,1.52,1044,113,9.24,42.31%,-0.673233,2025-05-30
PLTR,131.78,2025-06-06,Call,131.00,+0.59%,4.8,4.95,9669,1050,9.21,60.56%,0.548023,2025-05-30
CRWD,471.37,2025-06-06,Call,505.00,-7.13%,5.2,8.85,1193,130,9.18,50.04%,0.249243,2025-05-30
AAPL,200.85,2025-07-18,Put,250.00,+24.47%,48.75,49.85,1644,179,9.18,30.18%,-0.914048,2025-05-30
NTNX,76.69,2025-06-20,Call,82.50,-7.58%,0.5,0.9,3023,330,9.16,35.22%,0.205722,2025-05-30
AAPL,200.85,2025-06-20,Put,240.00,+19.49%,39,39.55,16474,1799,9.16,30.18%,-0.957256,2025-05-30
MCD,313.85,2025-06-20,Call,250.00,+20.34%,63.3,65.75,5740,627,9.15,17.32%,0.963237,2025-05-30
SHOP,107.22,2025-06-06,Call,106.00,+1.14%,3.25,3.45,2138,234,9.14,47.97%,0.589419,2025-05-30
ZIM,17.45,2027-01-15,Call,9.16,+47.51%,7.55,9.5,1022,112,9.13,53.90%,0.83163,2025-05-30
META,647.49,2025-06-06,Call,642.50,+0.77%,12.55,12.95,2588,284,9.11,29.59%,0.594928,2025-05-30
MRNA,26.56,2025-06-06,Call,30.00,-12.95%,0.21,0.24,14776,1637,9.03,73.61%,0.154579,2025-05-30
BX,138.76,2025-06-20,Put,180.00,+29.72%,39.75,43.35,900,100,9,35.80%,-0.847815,2025-05-30
MRNA,26.56,2025-06-20,Put,90.00,+238.86%,63.05,64,1140,127,8.98,73.61%,-0.905957,2025-05-30
AUR,6.06,2025-06-06,Put,5.50,-9.24%,0.05,0.1,923,103,8.96,82.79%,-0.208904,2025-05-30
AMD,110.73,2025-06-06,Call,112.00,-1.15%,1.92,1.95,8266,930,8.89,43.42%,0.43574,2025-05-30
IREN,8.39,2025-06-27,Call,10.00,-19.19%,0.22,0.28,4028,454,8.87,87.55%,0.255969,2025-05-30
AAPL,200.85,2025-06-06,Call,175.00,+12.87%,25.2,26.3,1618,183,8.84,30.18%,0.952879,2025-05-30
CRWV,111.31,2025-06-20,Call,60.00,+46.10%,49.2,52.9,3121,353,8.84,114.17%,0.944227,2025-05-30
MSTR,369.06,2025-06-06,Call,362.50,+1.78%,14.55,14.95,2129,241,8.83,59.11%,0.612112,2025-05-30
BABA,113.84,2025-06-06,Call,115.00,-1.02%,1.65,1.69,1876,213,8.81,35.94%,0.424865,2025-05-30
AI,26.59,2025-06-06,Put,24.50,-7.86%,0.16,0.18,3556,404,8.8,58.00%,-0.14197,2025-05-30
NVDA,135.13,2027-12-17,Call,240.00,-77.61%,18.35,18.7,4277,490,8.73,39.04%,0.385373,2025-05-30
LUNR,11.41,2025-06-06,Call,11.50,-0.79%,0.4,0.5,1253,144,8.7,81.40%,0.491769,2025-05-30
KC,11.17,2025-11-21,Call,10.00,+10.47%,2.8,3.4,1155,133,8.68,80.76%,0.696067,2025-05-30
ZTS,168.63,2025-07-18,Put,165.00,-2.15%,2.75,4.5,1224,141,8.68,26.35%,-0.373163,2025-05-30
TGT,94.01,2025-06-20,Put,155.00,+64.88%,60.15,62.35,2450,283,8.66,36.01%,-0.979224,2025-05-30
CVX,136.7,2025-06-20,Put,160.00,+17.04%,22.9,24,6031,699,8.63,25.78%,-0.963898,2025-05-30
PRM,12.07,2026-01-16,Call,12.50,-3.56%,1.6,1.9,2001,234,8.55,48.13%,0.56433,2025-05-30
TSLA,346.46,2025-06-06,Put,360.00,+3.91%,19.65,19.85,19474,2299,8.47,62.57%,-0.657621,2025-05-30
TSLA,346.46,2025-06-06,Call,355.00,-2.46%,7.35,7.45,18494,2185,8.46,62.57%,0.398094,2025-05-30
SMMT,18.22,2025-12-19,Call,15.00,+17.67%,6,8.2,1065,126,8.45,93.05%,0.748906,2025-05-30
DG,97.25,2025-06-06,Call,100.00,-2.83%,3.15,3.35,2200,261,8.43,48.52%,0.426448,2025-05-30
DHR,189.9,2025-06-20,Put,240.00,+26.38%,49.6,50.9,1860,221,8.42,31.26%,-0.919617,2025-05-30
AMD,110.73,2025-06-06,Call,111.00,-0.24%,2.38,2.41,4945,587,8.42,43.42%,0.49902,2025-05-30
CPB,34.04,2025-06-06,Call,35.00,-2.82%,0.5,0.65,2229,265,8.41,32.62%,0.365479,2025-05-30
AAPL,200.85,2025-07-18,Put,245.00,+21.98%,43.8,44.75,3430,408,8.41,30.18%,-0.935787,2025-05-30
TIGR,8.11,2027-01-15,Put,7.00,-13.69%,1.21,2.23,5205,619,8.41,79.58%,-0.256682,2025-05-30
TSLA,346.46,2025-06-06,Put,352.50,+1.74%,14.65,14.8,7329,871,8.41,62.57%,-0.56363,2025-05-30
SN,91.93,2025-06-20,Call,90.00,+2.10%,4.7,4.9,1047,125,8.38,41.89%,0.610492,2025-05-30
BLDR,107.68,2025-06-20,Put,155.00,+43.95%,45.3,49.3,1070,128,8.36,44.71%,-0.852545,2025-05-30
ET,17.48,2025-06-06,Call,17.50,-0.11%,0.22,0.24,10486,1254,8.36,25.09%,0.48916,2025-05-30
AES,10.09,2025-06-20,Call,7.00,+30.62%,3,3.2,910,109,8.35,48.64%,0.921558,2025-05-30
PLTR,131.78,2025-06-20,Put,129.00,-2.11%,5.8,6,4110,492,8.35,60.56%,-0.407044,2025-05-30
UPS,97.54,2025-06-20,Put,130.00,+33.28%,32.15,32.8,1510,181,8.34,25.91%,-0.949186,2025-05-30
MSTR,369.06,2025-06-06,Call,380.00,-2.96%,6.15,6.3,19816,2377,8.34,59.11%,0.359499,2025-05-30
NUE,109.36,2025-06-20,Put,180.00,+64.59%,69.4,72,1350,163,8.28,41.90%,-0.901315,2025-05-30
TEAM,207.63,2025-07-18,Put,290.00,+39.67%,81.7,84,1500,182,8.24,42.02%,-0.945047,2025-05-30
NVDA,135.13,2025-06-06,Call,138.00,-2.12%,1.51,1.54,36260,4408,8.23,39.04%,0.348384,2025-05-30
FIS,79.61,2025-06-20,Put,80.00,+0.49%,1.75,2,1381,168,8.22,21.97%,-0.517907,2025-05-30
MCD,313.85,2025-06-20,Call,260.00,+17.16%,53.3,55.15,2872,350,8.21,17.32%,0.962305,2025-05-30
AMD,110.73,2025-06-20,Put,155.00,+39.98%,44.05,44.45,1805,220,8.2,43.42%,-0.961164,2025-05-30
DHR,189.9,2025-06-20,Put,230.00,+21.12%,39.6,40.9,2928,357,8.2,31.26%,-0.90942,2025-05-30
MSFT,460.36,2025-08-15,Call,495.00,-7.52%,6.5,7,15348,1875,8.19,18.99%,0.263956,2025-05-30
TGT,94.01,2025-06-20,Put,135.00,+43.60%,40.75,41.3,7500,921,8.14,36.01%,-0.988278,2025-05-30
TJX,126.9,2025-06-06,Put,127.00,+0.08%,1.05,1.67,959,118,8.13,19.17%,-0.501669,2025-05-30
MCD,313.85,2025-06-06,Call,300.00,+4.41%,12.6,14.95,820,101,8.12,17.32%,0.930375,2025-05-30
IONQ,40.34,2025-06-06,Put,35.00,-13.24%,0.28,0.33,2604,321,8.11,93.69%,-0.115104,2025-05-30
MCD,313.85,2025-06-20,Call,270.00,+13.97%,43.3,45.3,2884,356,8.1,17.32%,0.924346,2025-05-30
NTNX,76.69,2025-06-20,Call,77.50,-1.06%,1.7,2.35,3540,438,8.08,35.22%,0.470322,2025-05-30
TSLA,346.46,2025-06-06,Put,337.50,-2.59%,7.1,7.25,5251,650,8.08,62.57%,-0.356352,2025-05-30
TSLA,346.46,2025-06-06,Put,345.00,-0.42%,10.45,10.6,12846,1589,8.08,62.57%,-0.460347,2025-05-30
PLTR,131.78,2025-06-06,Call,135.00,-2.44%,3.05,3.15,51289,6365,8.06,60.56%,0.407563,2025-05-30
DELL,111.27,2025-06-06,Put,107.00,-3.84%,1,1.24,1062,132,8.05,41.34%,-0.252618,2025-05-30
NVTS,5.1,2026-01-16,Put,4.00,-21.57%,0.95,1.1,1559,194,8.04,121.69%,-0.231404,2025-05-30
NVDA,135.13,2025-06-06,Call,137.00,-1.38%,1.87,1.91,51751,6441,8.03,39.04%,0.406042,2025-05-30
MCD,313.85,2025-06-20,Call,275.00,+12.38%,38.3,40.15,4100,514,7.98,17.32%,0.953816,2025-05-30
TSLA,346.46,2025-06-06,Put,357.50,+3.19%,17.9,18.1,8287,1038,7.98,62.57%,-0.628106,2025-05-30
CVX,136.7,2025-06-20,Put,165.00,+20.70%,26.55,30.15,1670,210,7.95,25.78%,-0.967327,2025-05-30
U,26.08,2025-06-06,Call,27.50,-5.44%,0.88,0.98,1562,197,7.93,87.30%,0.384603,2025-05-30
PDD,96.51,2025-06-13,Call,102.00,-5.69%,1.02,1.1,797,101,7.89,37.90%,0.25128,2025-05-30
FCX,38.48,2025-06-06,Call,39.00,-1.35%,0.6,0.7,6596,842,7.83,42.31%,0.424198,2025-05-30
PLTR,131.78,2025-06-06,Put,127.00,-3.63%,2.32,2.4,6027,772,7.81,60.56%,-0.314895,2025-05-30
DJT,21.33,2025-06-06,Call,21.00,+1.55%,1.16,1.25,1939,249,7.79,95.31%,0.576915,2025-05-30
SG,13.42,2027-01-15,Call,10.00,+25.48%,6.5,7.5,1369,176,7.78,80.00%,0.817624,2025-05-30
NKE,60.59,2025-06-20,Call,47.50,+21.60%,11.95,13.2,1400,180,7.78,46.55%,0.98503,2025-05-30
XOM,102.3,2025-06-20,Put,135.00,+31.96%,31.75,33.8,1735,223,7.78,25.03%,-0.920271,2025-05-30
XOM,102.3,2025-06-20,Put,125.00,+22.19%,22.4,24.1,800,103,7.77,25.03%,-0.935348,2025-05-30
TGT,94.01,2025-06-20,Put,130.00,+38.28%,35.8,36.25,2230,287,7.77,36.01%,-0.9871,2025-05-30
CLF,5.83,2026-06-18,Put,3.00,-48.54%,0.32,0.39,3015,390,7.73,79.43%,-0.104458,2025-05-30
PLTR,131.78,2025-06-06,Put,126.00,-4.39%,2.03,2.1,5216,675,7.73,60.56%,-0.281434,2025-05-30
SHAK,129.79,2025-08-15,Put,115.00,-11.40%,4.9,6.5,770,100,7.7,40.06%,-0.2525,2025-05-30
MRVL,60.19,2025-06-06,Call,59.00,+1.98%,2.41,2.57,1200,156,7.69,54.73%,0.621193,2025-05-30
PONY,19.26,2025-11-21,Put,20.00,+3.84%,7.2,8.1,1008,132,7.64,150.31%,-0.317679,2025-05-30
VRT,107.93,2025-06-13,Put,100.00,-7.35%,1.34,1.55,1582,207,7.64,53.30%,-0.213632,2025-05-30
CAVA,81.27,2025-06-06,Put,80.00,-1.56%,1.47,1.65,1206,158,7.63,48.82%,-0.392666,2025-05-30
AVGO,242.07,2025-06-06,Call,242.50,-0.18%,9.15,9.4,2708,356,7.61,49.67%,0.514376,2025-05-30
CVX,136.7,2025-06-20,Put,155.00,+13.39%,17.9,19.05,6280,825,7.61,25.78%,-0.98146,2025-05-30
CMG,50.08,2025-08-15,Call,55.00,-9.82%,1.55,1.61,1793,236,7.6,31.12%,0.326863,2025-05-30
META,647.49,2025-06-06,Put,622.50,-3.86%,2.58,2.72,1048,138,7.59,29.59%,-0.172625,2025-05-30
GFI,23,2025-07-18,Put,23.00,0.00%,1.45,1.55,924,122,7.57,46.18%,-0.467321,2025-05-30
AMD,110.73,2025-06-20,Put,170.00,+53.53%,59.1,59.5,7270,961,7.57,43.42%,-0.962129,2025-05-30
MCD,313.85,2025-06-20,Call,280.00,+10.79%,33.3,35.15,6159,815,7.56,17.32%,0.945587,2025-05-30
GH,40.62,2025-06-20,Call,43.00,-5.86%,1.1,1.5,927,123,7.54,61.11%,0.373266,2025-05-30
TSLA,346.46,2025-06-06,Put,355.00,+2.46%,16.25,16.4,18154,2408,7.54,62.57%,-0.595727,2025-05-30
PLTR,131.78,2025-06-06,Call,119.00,+9.70%,13.5,13.85,3234,430,7.52,60.56%,0.880105,2025-05-30
RKT,12.75,2025-10-17,Call,14.00,-9.80%,1.1,1.25,1500,200,7.5,55.35%,0.460499,2025-05-30
TGT,94.01,2025-06-20,Put,140.00,+48.92%,45.75,46.2,2467,329,7.5,36.01%,-0.994358,2025-05-30
AMD,110.73,2025-06-20,Put,180.00,+62.56%,69.1,69.45,2690,359,7.49,43.42%,-0.96991,2025-05-30
MRVL,60.19,2025-06-20,Put,56.00,-6.96%,1.31,1.47,1452,194,7.48,54.73%,-0.266429,2025-05-30
TGT,94.01,2025-06-20,Put,145.00,+54.24%,50.7,51.3,3150,421,7.48,36.01%,-0.994385,2025-05-30
ET,17.48,2025-06-13,Call,18.00,-2.97%,0.12,0.15,10252,1370,7.48,25.09%,0.274586,2025-05-30
NVDA,135.13,2025-06-27,Put,132.00,-2.32%,4.2,4.35,4206,563,7.47,39.04%,-0.384578,2025-05-30
TMUS,242.2,2025-06-13,Put,220.00,-9.17%,0.28,0.56,857,115,7.45,24.70%,-0.055128,2025-05-30
PLTR,131.78,2025-06-06,Put,124.00,-5.90%,1.51,1.58,6321,851,7.43,60.56%,-0.225432,2025-05-30
OKLO,52.72,2025-06-06,Put,52.00,-1.37%,2.6,2.94,890,120,7.42,105.75%,-0.431726,2025-05-30
OKE,80.84,2025-06-20,Put,95.00,+17.52%,13.8,14.9,3900,527,7.4,32.64%,-0.884396,2025-05-30
NUE,109.36,2025-06-20,Put,145.00,+32.59%,34,37.6,1550,211,7.35,41.90%,-0.838433,2025-05-30
TGT,94.01,2025-06-20,Put,150.00,+59.56%,55.3,56.55,4640,632,7.34,36.01%,-0.978661,2025-05-30
MSTR,369.06,2025-06-06,Call,365.00,+1.10%,13.05,13.25,3861,527,7.33,59.11%,0.577635,2025-05-30
ZIM,17.45,2025-06-20,Call,14.00,+19.77%,3.35,4.55,2042,279,7.32,53.90%,0.978845,2025-05-30
LOW,225.73,2025-06-20,Put,250.00,+10.75%,23.95,25.2,3455,472,7.32,24.72%,-0.895853,2025-05-30
NVDA,135.13,2025-06-06,Call,136.00,-0.64%,2.3,2.34,43260,5913,7.32,39.04%,0.464168,2025-05-30
MSFT,460.36,2025-06-06,Put,460.00,-0.08%,4.4,4.75,4527,620,7.3,18.99%,-0.47589,2025-05-30
PONY,19.26,2025-06-06,Call,19.50,-1.25%,1.1,1.3,932,128,7.28,150.31%,0.508717,2025-05-30
AI,26.59,2025-08-15,Call,30.00,-12.82%,1.58,1.68,1672,230,7.27,58.00%,0.384317,2025-05-30
DG,97.25,2025-06-06,Put,95.00,-2.31%,3.25,3.45,1662,229,7.26,48.52%,-0.396121,2025-05-30
VST,160.57,2025-06-06,Put,144.00,-10.32%,0.19,0.49,753,104,7.24,53.28%,-0.064042,2025-05-30
CC,10.13,2025-06-20,Put,10.00,-1.28%,0.45,0.55,1018,141,7.22,60.26%,-0.433802,2025-05-30
CVS,64.04,2025-06-06,Call,67.00,-4.62%,0.21,0.26,2318,322,7.2,30.44%,0.161845,2025-05-30
COP,85.35,2025-06-20,Put,120.00,+40.60%,32.75,36.75,3040,422,7.2,33.11%,-0.824757,2025-05-30
PENN,14.83,2025-06-06,Call,15.50,-4.52%,0.08,0.21,1056,147,7.18,65.00%,0.294889,2025-05-30
SMR,31.99,2025-07-18,Call,36.00,-12.54%,3.1,3.25,1074,150,7.16,102.13%,0.450779,2025-05-30
NKE,60.59,2025-06-27,Call,65.00,-7.28%,1.35,1.41,3203,450,7.12,46.55%,0.307989,2025-05-30
AI,26.59,2025-06-06,Call,28.50,-7.18%,0.27,0.31,4431,624,7.1,58.00%,0.230343,2025-05-30
MCD,313.85,2025-06-20,Call,285.00,+9.19%,28.3,29.4,4930,698,7.06,17.32%,0.962235,2025-05-30
COP,85.35,2025-06-20,Put,130.00,+52.31%,42.95,46.05,1410,200,7.05,33.11%,-0.940904,2025-05-30
MCD,313.85,2025-06-20,Call,255.00,+18.75%,57.6,60.7,820,117,7.01,17.32%,0.995063,2025-05-30
MCD,313.85,2025-06-20,Call,245.00,+21.94%,67.85,70.8,820,117,7.01,17.32%,0.963885,2025-05-30
AMZN,205.01,2025-06-06,Put,192.50,-6.10%,0.34,0.36,6470,923,7.01,28.98%,-0.080198,2025-05-30
COP,85.35,2025-06-20,Put,115.00,+34.74%,27.75,30.9,1450,207,7,33.11%,-0.861792,2025-05-30
COST,1040.18,2025-06-06,Call,"1,040.00",+0.02%,11.6,13.7,1099,158,6.96,21.91%,0.5167,2025-05-30
XOM,102.3,2025-06-20,Put,120.00,+17.30%,17.35,18.3,5640,810,6.96,25.03%,-0.888681,2025-05-30
STZ,178.29,2025-06-20,Put,220.00,+23.39%,40.3,43.2,1030,149,6.91,31.75%,-0.922105,2025-05-30
UPS,97.54,2025-06-20,Put,120.00,+23.03%,21.65,23.6,3840,556,6.91,25.91%,-0.862125,2025-05-30
NKE,60.59,2025-06-27,Put,60.00,-0.97%,2.9,2.97,2123,308,6.89,46.55%,-0.440716,2025-05-30
LW,55.78,2025-09-19,Call,65.00,-16.53%,1.95,2.05,1154,168,6.87,39.06%,0.290078,2025-05-30
AMD,110.73,2025-06-20,Put,160.00,+44.50%,49.1,49.5,4360,635,6.87,43.42%,-0.985868,2025-05-30
COP,85.35,2025-06-20,Put,110.00,+28.88%,24.5,25,4720,687,6.87,33.11%,-0.92996,2025-05-30
TGT,94.01,2025-06-20,Put,125.00,+32.96%,30.35,32.2,1001,146,6.86,36.01%,-0.870751,2025-05-30
PATH,13.31,2025-06-06,Call,13.50,-1.43%,0.26,0.28,2594,378,6.86,43.21%,0.432145,2025-05-30
MPW,4.57,2025-08-15,Put,3.50,-23.41%,0.14,0.18,25071,3663,6.84,61.86%,-0.175373,2025-05-30
PLTR,131.78,2025-06-06,Call,133.00,-0.93%,3.85,3.95,19906,2926,6.8,60.56%,0.47581,2025-05-30
MSTR,369.06,2025-06-13,Put,270.00,-26.84%,1.12,1.28,1323,196,6.75,59.11%,-0.039699,2025-05-30
BN,57.72,2025-06-20,Put,55.00,-4.71%,0.7,0.95,2166,322,6.73,33.63%,-0.272361,2025-05-30
LUMN,3.92,2025-06-27,Call,4.00,-2.04%,0.23,0.29,1008,150,6.72,72.65%,0.465674,2025-05-30
T,27.8,2025-06-13,Call,28.50,-2.52%,0.16,0.19,1097,164,6.69,22.23%,0.266084,2025-05-30
U,26.08,2025-07-18,Put,23.00,-11.81%,1.15,1.67,2238,335,6.68,87.30%,-0.274975,2025-05-30
ZIM,17.45,2025-06-20,Call,15.00,+14.04%,1.34,2.75,7157,1075,6.66,53.90%,0.888589,2025-05-30
ABNB,129,2025-06-20,Put,165.00,+27.91%,35.65,36.45,1373,207,6.63,33.94%,-0.978571,2025-05-30
UAL,79.44,2025-06-13,Put,78.00,-1.81%,2.21,2.38,713,108,6.6,47.95%,-0.411355,2025-05-30
PLTR,131.78,2025-06-06,Put,125.00,-5.14%,1.75,1.8,18129,2747,6.6,60.56%,-0.251867,2025-05-30
TSLA,346.46,2025-06-13,Call,372.50,-7.52%,7.65,7.75,847,129,6.57,62.57%,0.302804,2025-05-30
NKE,60.59,2025-06-27,Call,62.00,-2.33%,2.38,2.45,2056,313,6.57,46.55%,0.454837,2025-05-30
AMZN,205.01,2025-06-06,Call,202.50,+1.22%,4.55,4.7,5170,787,6.57,28.98%,0.640049,2025-05-30
INTC,19.55,2025-06-06,Call,20.00,-2.30%,0.28,0.29,13073,1997,6.55,45.52%,0.367232,2025-05-30
TSLA,346.46,2025-06-06,Call,347.50,-0.30%,10.35,10.5,6461,991,6.52,62.57%,0.503921,2025-05-30
MU,94.46,2025-06-06,Put,87.00,-7.90%,0.38,0.41,976,150,6.51,60.07%,-0.118566,2025-05-30
NVDA,135.13,2027-12-17,Put,140.00,+3.60%,34.6,35.45,7531,1162,6.48,39.04%,-0.355283,2025-05-30
ARM,124.54,2025-06-06,Put,113.00,-9.27%,0.48,0.97,695,108,6.44,52.08%,-0.10474,2025-05-30
LUMN,3.92,2026-01-16,Call,8.00,-104.08%,0.16,0.21,1200,187,6.42,72.65%,0.173438,2025-05-30
MRVL,60.19,2025-06-20,Put,105.00,+74.45%,44.2,45.7,1290,201,6.42,54.73%,-0.92308,2025-05-30
LOW,225.73,2025-06-20,Put,260.00,+15.18%,32.95,35.6,2012,314,6.41,24.72%,-0.875476,2025-05-30
NVDA,135.13,2025-06-06,Call,134.00,+0.84%,3.35,3.45,23637,3702,6.38,39.04%,0.580668,2025-05-30
HIMS,56.56,2025-06-13,Call,54.00,+4.53%,4.9,5.5,839,132,6.36,94.25%,0.64324,2025-05-30
PEP,131.45,2025-06-06,Put,130.00,-1.10%,1.25,1.33,3844,604,6.36,21.37%,-0.374634,2025-05-30
UUUU,4.89,2025-10-17,Call,3.00,+38.65%,1.95,2.15,723,114,6.34,73.00%,0.893672,2025-05-30
TTD,75.22,2025-06-06,Put,76.00,+1.04%,2.09,2.26,1302,206,6.32,46.43%,-0.555117,2025-05-30
VERU,0.5082,2025-06-27,Put,0.5000,-1.96%,0,0.1,1262,200,6.31,186.89%,-0.399328,2025-05-30
NUE,109.36,2025-06-20,Put,140.00,+28.02%,29.5,32,4420,701,6.31,41.90%,-0.948454,2025-05-30
UPS,97.54,2025-06-20,Put,115.00,+17.90%,17.25,17.6,2655,427,6.22,25.91%,-0.973785,2025-05-30
NFLX,1207.23,2025-06-06,Call,"1,250.00",-3.54%,4,4.4,3395,546,6.22,27.56%,0.179245,2025-05-30
AMD,110.73,2025-06-20,Put,150.00,+35.46%,39.1,39.5,1707,275,6.21,43.42%,-0.953215,2025-05-30
AI,26.59,2025-06-06,Call,27.00,-1.54%,0.66,0.7,1782,287,6.21,58.00%,0.446094,2025-05-30
PDD,96.51,2025-09-19,Put,165.00,+70.97%,67.95,68.9,620,100,6.2,37.90%,-0.927434,2025-05-30
TTD,75.22,2025-06-13,Put,73.00,-2.95%,1.48,1.6,1053,170,6.19,46.43%,-0.341377,2025-05-30
TSLA,346.46,2025-06-06,Put,330.00,-4.75%,4.65,4.75,30184,4874,6.19,62.57%,-0.262068,2025-05-30
AMD,110.73,2025-06-06,Put,107.00,-3.37%,1.09,1.11,7908,1279,6.18,43.42%,-0.266701,2025-05-30
NEE,70.64,2025-06-06,Call,70.00,+0.91%,0.97,1.2,1962,319,6.15,29.50%,0.656894,2025-05-30
MSTR,369.06,2025-06-06,Call,370.00,-0.25%,10.35,10.7,6863,1116,6.15,59.11%,0.504501,2025-05-30
MPW,4.57,2025-08-15,Call,4.50,+1.53%,0.44,0.52,760,124,6.13,61.86%,0.564437,2025-05-30
UPS,97.54,2025-07-18,Put,130.00,+33.28%,31.4,34.3,1200,196,6.12,25.91%,-0.841392,2025-05-30
TSLA,346.46,2025-06-06,Call,372.50,-7.52%,3,3.1,12209,1995,6.12,62.57%,0.202298,2025-05-30
BABA,113.84,2025-06-06,Put,112.00,-1.62%,1.34,1.38,4655,762,6.11,35.94%,-0.358655,2025-05-30
MSTR,369.06,2025-06-06,Call,367.50,+0.42%,11.65,11.8,1709,280,6.1,59.11%,0.541534,2025-05-30
MRVL,60.19,2025-12-19,Call,60.00,+0.32%,10.55,10.7,2588,424,6.1,54.73%,0.604974,2025-05-30
UPS,97.54,2025-07-18,Put,120.00,+23.03%,22.2,23.3,1993,329,6.06,25.91%,-0.89013,2025-05-30
TSLA,346.46,2025-06-06,Call,365.00,-5.35%,4.5,4.55,29593,4897,6.04,62.57%,0.274051,2025-05-30
TSLA,346.46,2025-06-06,Call,360.00,-3.91%,5.8,5.85,46926,7769,6.04,62.57%,0.332591,2025-05-30
PLTR,131.78,2025-06-06,Call,130.00,+1.35%,5.35,5.45,73276,12141,6.04,60.56%,0.583451,2025-05-30
FANG,134.55,2025-06-20,Put,180.31,+34.01%,43.8,47.1,620,103,6.02,36.29%,-0.888194,2025-05-30
MSTR,369.06,2025-06-06,Call,377.50,-2.29%,7.05,7.3,1379,230,6,59.11%,0.394633,2025-05-30
PDD,96.51,2025-06-06,Put,96.00,-0.53%,1.65,1.76,1609,268,6,37.90%,-0.444307,2025-05-30
AKAM,75.93,2025-06-20,Put,95.00,+25.12%,18.7,19.4,5400,900,6,30.03%,-0.915088,2025-05-30
AAL,11.41,2025-06-20,Put,10.50,-7.98%,0.15,0.16,8302,1386,5.99,45.24%,-0.210145,2025-05-30
CI,316.64,2025-06-06,Put,320.00,+1.06%,6,7.5,726,122,5.95,26.40%,-0.596014,2025-05-30
TTD,75.22,2025-06-06,Call,74.00,+1.62%,2.32,2.62,1155,194,5.95,46.43%,0.624721,2025-05-30
PLTR,131.78,2025-06-06,Call,142.00,-7.76%,1.27,1.31,2969,499,5.95,60.56%,0.206948,2025-05-30
LMT,482.38,2025-06-20,Call,430.00,+10.86%,47.4,54.3,1640,276,5.94,23.52%,0.916219,2025-05-30
GAP,22.31,2025-07-18,Call,23.00,-3.09%,1,1.08,1361,230,5.92,44.06%,0.454587,2025-05-30
META,647.49,2025-06-06,Call,637.50,+1.54%,15.8,16.25,1256,213,5.9,29.59%,0.668578,2025-05-30
AAPL,200.85,2025-06-20,Put,235.00,+17.00%,34,34.6,31045,5261,5.9,30.18%,-0.946926,2025-05-30
TDOC,6.92,2025-06-20,Call,7.00,-1.16%,0.26,0.4,3664,622,5.89,72.64%,0.502337,2025-05-30
BX,138.76,2025-06-20,Put,165.00,+18.91%,24.7,28.25,3560,609,5.85,35.80%,-0.82077,2025-05-30
DINO,36.13,2025-07-18,Put,30.00,-16.97%,0.3,0.45,637,109,5.84,38.25%,-0.112954,2025-05-30
NVDA,135.13,2025-06-06,Put,136.00,+0.64%,3.3,3.4,14734,2523,5.84,39.04%,-0.532273,2025-05-30
DASH,208.65,2025-06-06,Call,210.00,-0.65%,3.1,3.45,2886,495,5.83,36.13%,0.459183,2025-05-30
BAC,44.13,2025-06-20,Call,43.50,+1.43%,1.23,1.26,3721,640,5.81,24.27%,0.631139,2025-05-30
AKAM,75.93,2025-06-20,Put,105.00,+38.29%,28.2,30.3,3080,531,5.8,30.03%,-0.854798,2025-05-30
STZ,178.29,2025-06-20,Put,210.00,+17.79%,30.3,33.7,3155,545,5.79,31.75%,-0.838449,2025-05-30
EPD,30.82,2025-07-18,Call,32.00,-3.83%,0.41,0.49,803,139,5.78,19.81%,0.310261,2025-05-30
PLTR,131.78,2025-07-03,Call,150.00,-13.83%,3.5,3.95,577,100,5.77,60.56%,0.26951,2025-05-30
SBUX,83.95,2025-07-18,Put,115.00,+36.99%,30.35,32.35,1940,336,5.77,31.14%,-0.852762,2025-05-30
PDD,96.51,2025-06-13,Call,101.00,-4.65%,1.26,1.34,1217,212,5.74,37.90%,0.293723,2025-05-30
BABA,113.84,2025-06-06,Put,111.00,-2.49%,1.02,1.06,2686,468,5.74,35.94%,-0.291322,2025-05-30
DECK,105.52,2025-06-27,Call,131.00,-24.15%,0,2.6,573,100,5.73,42.52%,0.061039,2025-05-30
PLTR,131.78,2025-06-06,Call,127.00,+3.63%,7.15,7.35,8332,1454,5.73,60.56%,0.684369,2025-05-30
DJT,21.33,2025-06-06,Call,22.00,-3.14%,0.75,0.85,7669,1342,5.71,95.31%,0.426142,2025-05-30
TLYS,1.43,2026-01-16,Call,2.5000,-74.83%,0.1,0.3,1023,180,5.68,167.23%,0.326801,2025-05-30
SBUX,83.95,2025-06-06,Call,89.00,-6.02%,0.13,0.17,2328,412,5.65,31.14%,0.098495,2025-05-30
CNX,32.28,2025-06-20,Put,31.00,-3.97%,0.6,0.85,873,155,5.63,41.09%,-0.35828,2025-05-30
U,26.08,2025-06-06,Call,25.50,+2.22%,1.6,1.72,2972,528,5.63,87.30%,0.594805,2025-05-30
MRVL,60.19,2025-06-06,Call,60.00,+0.32%,1.68,1.9,5911,1049,5.63,54.73%,0.535179,2025-05-30
SBUX,83.95,2025-07-18,Put,110.00,+31.03%,25.15,26.95,691,123,5.62,31.14%,-0.871668,2025-05-30
PLTR,131.78,2025-07-18,Put,130.00,-1.35%,10,10.15,5971,1071,5.58,60.56%,-0.424319,2025-05-30
MSTR,369.06,2025-06-06,Put,255.00,-30.91%,0.27,0.33,2556,460,5.56,59.11%,-0.012125,2025-05-30
SMMT,18.22,2025-06-06,Call,23.00,-26.23%,0,0.25,709,128,5.54,93.05%,0.145004,2025-05-30
ORCL,165.53,2025-12-19,Call,240.00,-44.99%,2.05,2.31,1030,186,5.54,44.90%,0.113638,2025-05-30
VRT,107.93,2025-06-06,Call,113.00,-4.70%,0.91,1.21,989,179,5.53,53.30%,0.258417,2025-05-30
BIDU,81.9,2025-06-06,Put,77.00,-5.98%,0.21,0.24,1133,205,5.53,34.94%,-0.104049,2025-05-30
TEAM,207.63,2025-06-20,Put,290.00,+39.67%,81,83.9,1680,304,5.53,42.02%,-0.982232,2025-05-30
GOOG,172.85,2025-07-03,Call,180.00,-4.14%,2.89,2.97,3680,665,5.53,27.68%,0.335361,2025-05-30
CMG,50.08,2025-06-06,Put,48.50,-3.15%,0.24,0.27,696,126,5.52,31.12%,-0.21089,2025-05-30
HOOD,66.15,2025-06-06,Put,67.00,+1.28%,2.75,2.85,761,138,5.51,63.72%,-0.536923,2025-05-30
UNP,221.66,2025-06-20,Put,255.00,+15.04%,31.5,35.2,810,147,5.51,21.92%,-0.91512,2025-05-30
ET,17.48,2025-06-13,Put,17.50,+0.11%,0.24,0.34,1078,196,5.5,25.09%,-0.51111,2025-05-30
MSFT,460.36,2025-06-06,Call,467.50,-1.55%,1.35,1.72,2591,472,5.49,18.99%,0.2543,2025-05-30
NVDA,135.13,2025-06-06,Put,128.00,-5.28%,0.72,0.73,15965,2915,5.48,39.04%,-0.166781,2025-05-30
RBLX,86.98,2025-06-06,Put,83.00,-4.58%,0.42,0.49,774,142,5.45,37.35%,-0.177163,2025-05-30
PLTR,131.78,2025-06-06,Call,132.00,-0.17%,4.3,4.5,10966,2015,5.44,60.56%,0.512528,2025-05-30
META,647.49,2025-06-06,Put,597.50,-7.72%,0.65,0.73,665,123,5.41,29.59%,-0.051019,2025-05-30
ENPH,41.39,2026-06-18,Put,40.00,-3.36%,8.5,9.7,1196,221,5.41,69.28%,-0.331322,2025-05-30
MSTR,369.06,2025-06-06,Put,362.50,-1.78%,7.5,7.85,2041,377,5.41,59.11%,-0.386205,2025-05-30
CRM,265.37,2025-06-20,Put,320.00,+20.59%,52.65,56.95,2800,518,5.41,28.40%,-0.888677,2025-05-30
PLTR,131.78,2025-06-06,Call,125.00,+5.14%,8.6,8.8,20429,3776,5.41,60.56%,0.747254,2025-05-30
X,53.82,2025-06-20,Put,55.00,+2.19%,0.62,1.55,913,169,5.4,31.29%,-0.683405,2025-05-30
CRWV,111.31,2025-10-17,Call,42.50,+61.82%,66.6,70.7,2310,430,5.37,114.17%,0.967204,2025-05-30
LW,55.78,2025-06-20,Call,57.50,-3.08%,1.15,1.35,669,125,5.35,39.06%,0.384234,2025-05-30
EOG,108.57,2025-06-20,Put,135.00,+24.34%,24.4,28.2,640,120,5.33,29.75%,-0.893998,2025-05-30
INTC,19.55,2025-09-19,Call,18.00,+7.93%,3.05,3.15,10127,1900,5.33,45.52%,0.666691,2025-05-30
AMZN,205.01,2025-06-06,Call,207.50,-1.21%,1.96,2.05,20773,3894,5.33,28.98%,0.385829,2025-05-30
DELL,111.27,2025-06-06,Call,117.00,-5.15%,0.63,0.91,662,125,5.3,41.34%,0.206525,2025-05-30
AKAM,75.93,2025-06-20,Put,100.00,+31.70%,23.7,24.3,2730,515,5.3,30.03%,-0.938713,2025-05-30
AISP,5.15,2025-07-18,Put,5.00,-2.91%,0.55,0.8,1035,196,5.28,107.01%,-0.389429,2025-05-30
MS,128.03,2026-06-18,Put,80.00,-37.51%,2.29,2.63,1016,193,5.26,27.51%,-0.084599,2025-05-30
EOG,108.57,2025-06-20,Put,145.00,+33.55%,34.3,38.3,630,120,5.25,29.75%,-0.979015,2025-05-30
CAPR,9.89,2025-08-15,Put,5.00,-49.44%,0.65,1.1,656,125,5.25,104.40%,-0.111637,2025-05-30
GOOGL,171.74,2025-06-06,Call,175.00,-1.90%,1.18,1.2,51725,9866,5.24,27.83%,0.310199,2025-05-30
CRWV,111.31,2025-07-18,Call,60.00,+46.10%,49.3,53.3,1426,272,5.24,114.17%,0.940173,2025-05-30
WMT,98.72,2025-06-06,Put,98.00,-0.73%,0.8,0.87,3544,678,5.23,21.38%,-0.390812,2025-05-30
INTC,19.55,2025-06-27,Put,17.50,-10.49%,0.22,0.25,1256,241,5.21,45.52%,-0.164095,2025-05-30
NVDA,135.13,2025-06-13,Call,139.00,-2.86%,2.35,2.38,9395,1804,5.21,39.04%,0.368543,2025-05-30
U,26.08,2026-01-16,Call,55.00,-110.89%,1.36,1.45,10167,1954,5.2,87.30%,0.200779,2025-05-30
LYB,56.49,2025-12-19,Call,70.00,-23.92%,0.25,1.6,1006,194,5.19,37.31%,0.203346,2025-05-30
HIMS,56.56,2025-06-06,Call,62.00,-9.62%,1.03,1.11,2638,508,5.19,94.25%,0.255274,2025-05-30
ESTC,80.87,2025-06-20,Call,80.00,+1.08%,3.1,3.9,526,102,5.16,40.09%,0.571788,2025-05-30
VST,160.57,2025-06-06,Call,172.50,-7.43%,0.95,0.98,604,117,5.16,53.28%,0.166049,2025-05-30
NEE,70.64,2025-06-06,Call,73.00,-3.34%,0.16,0.25,913,177,5.16,29.50%,0.160157,2025-05-30
NKE,60.59,2025-06-06,Call,61.00,-0.68%,0.71,0.76,2803,543,5.16,46.55%,0.437414,2025-05-30
XOM,102.3,2025-06-06,Call,102.00,+0.29%,1.46,1.54,1450,282,5.14,25.03%,0.542812,2025-05-30
META,647.49,2025-06-06,Call,645.00,+0.38%,10.95,11.5,4612,898,5.14,29.59%,0.555132,2025-05-30
GAP,22.31,2025-07-18,Call,28.00,-25.50%,0.1,0.14,780,152,5.13,44.06%,0.081711,2025-05-30
RKT,12.75,2025-12-19,Call,15.00,-17.65%,1.05,1.5,1530,298,5.13,55.35%,0.426064,2025-05-30
BABA,113.84,2026-06-18,Put,115.00,+1.02%,16.4,17.25,1698,331,5.13,35.94%,-0.436547,2025-05-30
PLTR,131.78,2025-06-06,Put,123.00,-6.66%,1.31,1.36,7636,1489,5.13,60.56%,-0.19948,2025-05-30
PLTR,131.78,2025-06-06,Call,126.00,+4.39%,7.85,8.2,11004,2143,5.13,60.56%,0.714922,2025-05-30
ORCL,165.53,2025-06-20,Call,177.50,-7.23%,3.5,4.2,1655,323,5.12,44.90%,0.305752,2025-05-30
LVWR,4.5,2025-07-18,Call,5.00,-11.11%,0.6,0.9,818,160,5.11,184.57%,0.516733,2025-05-30
OKE,80.84,2025-06-20,Put,125.00,+54.63%,42.7,45,5105,1000,5.11,32.64%,-0.973415,2025-05-30
AAPL,200.85,2025-06-06,Put,197.50,-1.67%,1.86,1.92,11001,2158,5.1,30.18%,-0.330752,2025-05-30
JD,32.41,2025-06-06,Put,31.00,-4.35%,0.2,0.22,1647,324,5.08,39.24%,-0.201016,2025-05-30
NKE,60.59,2025-06-13,Put,60.00,-0.97%,1.4,1.45,1151,227,5.07,46.55%,-0.428416,2025-05-30
MSTR,369.06,2025-06-13,Put,280.00,-24.13%,1.35,1.4,1134,224,5.06,59.11%,-0.047753,2025-05-30
TRVI,6.51,2025-06-20,Call,12.00,-84.33%,0,0.45,505,100,5.05,129.96%,0.124925,2025-05-30
LOW,225.73,2025-07-18,Put,260.00,+15.18%,33.1,35.9,1922,383,5.02,24.72%,-0.914628,2025-05-30
ZS,275.7,2025-08-15,Call,310.00,-12.44%,5.3,5.75,687,137,5.01,30.08%,0.245346,2025-05-30
PONY,19.26,2025-06-06,Call,24.00,-24.61%,0.3,0.4,525,105,5,150.31%,0.160694,2025-05-30
IONQ,40.34,2025-06-06,Call,43.00,-6.59%,1.06,1.3,617,124,4.98,93.69%,0.339713,2025-05-30
TSLA,346.46,2025-06-06,Call,375.00,-8.24%,2.67,2.73,17678,3556,4.97,62.57%,0.181974,2025-05-30
MRVL,60.19,2025-06-13,Call,60.00,+0.32%,2.6,2.69,753,152,4.95,54.73%,0.538201,2025-05-30
MCHP,58.04,2025-06-20,Put,92.50,+59.37%,33.3,35.9,990,200,4.95,45.13%,-0.845851,2025-05-30
CRWV,111.31,2027-01-15,Call,20.00,+82.03%,88.5,93.5,702,142,4.94,114.17%,0.985982,2025-05-30
MRVL,60.19,2025-06-20,Call,62.00,-3.01%,2.35,2.42,1313,266,4.94,54.73%,0.441392,2025-05-30
MRNA,26.56,2025-06-06,Call,27.50,-3.54%,0.74,0.79,33536,6804,4.93,73.61%,0.397405,2025-05-30
TSLA,346.46,2025-06-13,Call,347.50,-0.30%,16.25,16.45,887,181,4.9,62.57%,0.519269,2025-05-30
PCT,9.51,2025-06-06,Call,10.00,-5.15%,0.2,0.3,807,165,4.89,125.37%,0.372266,2025-05-30
ETSY,55.35,2025-07-18,Put,55.00,-0.63%,2.82,3.15,585,120,4.88,39.11%,-0.442044,2025-05-30
COST,1040.18,2025-06-06,Call,"1,060.00",-1.91%,3.65,5,917,188,4.88,21.91%,0.263991,2025-05-30
CRWV,111.31,2026-01-16,Call,40.00,+64.06%,69.1,73.3,521,107,4.87,114.17%,0.976017,2025-05-30
AMAT,156.75,2025-06-06,Call,160.00,-2.07%,1.82,2,550,113,4.87,37.82%,0.360324,2025-05-30
NVDA,135.13,2025-06-06,Call,141.00,-4.34%,0.72,0.76,34499,7078,4.87,39.04%,0.205018,2025-05-30
NFLX,1207.23,2025-06-06,Call,"1,170.00",+3.08%,42,47.2,661,136,4.86,27.56%,0.764176,2025-05-30
DVN,30.26,2025-06-06,Put,30.50,+0.79%,0.75,0.78,931,192,4.85,39.42%,-0.549177,2025-05-30
MRVL,60.19,2025-06-06,Put,58.00,-3.64%,0.86,0.9,1403,289,4.85,54.73%,-0.295545,2025-05-30
TSLA,346.46,2025-06-06,Put,350.00,+1.02%,13.2,13.3,31922,6618,4.82,62.57%,-0.529964,2025-05-30
COST,1040.18,2025-06-06,Call,"1,055.00",-1.42%,4.3,6.95,504,105,4.8,21.91%,0.32493,2025-05-30
TSLA,346.46,2025-06-06,Put,372.50,+7.52%,29.1,29.75,1036,216,4.8,62.57%,-0.793668,2025-05-30
NFLX,1207.23,2025-06-06,Call,"1,270.00",-5.20%,1.8,1.96,708,148,4.78,27.56%,0.091677,2025-05-30
HTZ,6.55,2025-09-19,Put,5.50,-16.03%,0.9,1,818,171,4.78,101.54%,-0.271388,2025-05-30
PINS,31.11,2025-09-19,Put,24.00,-22.85%,0.73,0.8,2051,431,4.76,42.44%,-0.141385,2025-05-30
AMD,110.73,2025-06-06,Call,110.00,+0.66%,2.89,2.95,8025,1686,4.76,43.42%,0.562607,2025-05-30
DJT,21.33,2025-06-06,Call,20.50,+3.89%,1.38,1.53,646,136,4.75,95.31%,0.656855,2025-05-30
UPS,97.54,2025-06-06,Put,96.00,-1.58%,0.75,0.8,1260,265,4.75,25.91%,-0.327794,2025-05-30
BABA,113.84,2025-06-06,Put,113.00,-0.74%,1.71,1.78,2425,510,4.75,35.94%,-0.429576,2025-05-30
META,647.49,2025-06-06,Put,642.50,-0.77%,7.7,8,1878,398,4.72,29.59%,-0.409257,2025-05-30
CGC,1.32,2025-06-20,Call,1.5000,-13.64%,0.09,0.11,834,177,4.71,134.43%,0.402583,2025-05-30
PLTR,131.78,2025-06-06,Put,101.00,-23.36%,0.08,0.19,799,170,4.7,60.56%,-0.015896,2025-05-30
CRWV,111.31,2026-01-16,Call,45.00,+59.57%,64.1,68.3,1660,353,4.7,114.17%,0.973825,2025-05-30
MRVL,60.19,2025-06-06,Put,53.00,-11.95%,0.11,0.13,2063,439,4.7,54.73%,-0.052172,2025-05-30
TIGR,8.11,2025-06-20,Put,7.00,-13.69%,0.05,0.09,1224,261,4.69,79.58%,-0.121436,2025-05-30
TSLA,346.46,2025-06-06,Call,380.00,-9.68%,2.1,2.11,31457,6751,4.66,62.57%,0.145967,2025-05-30
TEM,55.18,2025-06-06,Put,49.00,-11.20%,0.55,0.7,814,175,4.65,87.37%,-0.150633,2025-05-30
HST,15.49,2025-06-20,Call,15.00,+3.16%,0.7,0.75,1558,335,4.65,28.03%,0.67285,2025-05-30
QBTS,16.33,2025-06-06,Call,16.50,-1.04%,0.9,1.05,2154,463,4.65,115.54%,0.509505,2025-05-30
ETSY,55.35,2025-06-06,Call,57.00,-2.98%,0.57,0.79,3524,758,4.65,39.11%,0.317584,2025-05-30
META,647.49,2025-06-06,Put,645.00,-0.38%,8.65,9,2364,509,4.64,29.59%,-0.448059,2025-05-30
NFLX,1207.23,2025-06-06,Call,"1,205.00",+0.18%,18.85,19.95,741,160,4.63,27.56%,0.534929,2025-05-30
X,53.82,2025-06-06,Put,53.00,-1.52%,0.55,0.8,1386,300,4.62,31.29%,-0.373495,2025-05-30
HES,132.19,2026-01-16,Call,150.00,-13.47%,4.5,7.3,1000,217,4.61,29.23%,0.354806,2025-05-30
NRGV,0.8261,2025-11-21,Call,1.0000,-21.05%,0,0.3,500,109,4.59,170.32%,0.609645,2025-05-30
FUTU,101.93,2025-08-15,Put,90.00,-11.70%,3.95,4.8,1128,246,4.59,54.62%,-0.255516,2025-05-30
DJT,21.33,2025-06-20,Put,17.00,-20.30%,0.33,0.35,5668,1236,4.59,95.31%,-0.128544,2025-05-30
PLTR,131.78,2025-06-06,Call,140.00,-6.24%,1.64,1.7,24115,5256,4.59,60.56%,0.256365,2025-05-30
RBRK,95.35,2025-06-20,Call,120.00,-25.85%,1.95,2.1,944,206,4.58,94.35%,0.188108,2025-05-30
HIMS,56.56,2025-06-06,Call,55.00,+2.76%,3.55,3.75,3754,819,4.58,94.25%,0.613721,2025-05-30
JNJ,155.21,2025-06-13,Call,157.50,-1.48%,0.95,1.22,1116,244,4.57,19.42%,0.33277,2025-05-30
GILD,110.08,2025-06-06,Put,108.00,-1.89%,1.08,1.29,566,124,4.56,42.95%,-0.333403,2025-05-30
PLTR,131.78,2025-06-13,Call,132.00,-0.17%,5.95,6.3,1227,269,4.56,60.56%,0.523168,2025-05-30
CVS,64.04,2025-06-06,Call,66.00,-3.06%,0.36,0.42,1248,274,4.55,30.44%,0.246114,2025-05-30
TGT,94.01,2025-06-20,Put,115.00,+22.33%,20.9,21.25,2230,490,4.55,36.01%,-0.971499,2025-05-30
ZIM,17.45,2025-06-06,Put,17.00,-2.58%,0.56,0.75,1189,263,4.52,53.90%,-0.412003,2025-05-30
DIS,113.04,2025-06-06,Call,116.00,-2.62%,0.27,0.31,1612,357,4.52,21.18%,0.177409,2025-05-30
BHVN,14.81,2026-01-16,Call,15.00,-1.28%,4.7,5.7,510,113,4.51,100.90%,0.666081,2025-05-30
AI,26.59,2025-06-06,Call,27.50,-3.42%,0.5,0.54,996,221,4.51,58.00%,0.363256,2025-05-30
HOOD,66.15,2025-06-13,Put,62.00,-6.27%,1.6,1.86,2456,544,4.51,63.72%,-0.284595,2025-05-30
GOOGL,171.74,2025-06-06,Call,172.50,-0.44%,2.16,2.19,17140,3798,4.51,27.83%,0.465898,2025-05-30
AAPL,200.85,2026-09-18,Call,320.00,-59.32%,2.57,2.68,553,123,4.5,30.18%,0.103499,2025-05-30
GEV,472.98,2025-06-20,Call,510.00,-7.83%,6.3,6.7,553,123,4.5,44.42%,0.24549,2025-05-30
U,26.08,2025-06-13,Put,22.00,-15.64%,0.25,0.33,576,128,4.5,87.30%,-0.13217,2025-05-30
TSLA,346.46,2025-06-13,Call,352.50,-1.74%,14.05,14.25,1115,248,4.5,62.57%,0.47184,2025-05-30
CRWV,111.31,2025-06-06,Call,77.00,+30.82%,33.1,36,521,116,4.49,114.17%,0.96682,2025-05-30
SMCI,40.02,2025-06-06,Call,42.00,-4.95%,0.79,0.83,14957,3342,4.48,70.71%,0.330936,2025-05-30
NVDA,135.13,2025-06-06,Put,134.00,-0.84%,2.37,2.41,22234,4973,4.47,39.04%,-0.424637,2025-05-30
CRWV,111.31,2025-06-27,Call,100.00,+10.16%,16.4,18.1,1051,235,4.47,114.17%,0.72386,2025-05-30
U,26.08,2025-06-13,Put,21.00,-19.48%,0.15,0.2,504,113,4.46,87.30%,-0.082306,2025-05-30
PLTR,131.78,2025-06-27,Put,130.00,-1.35%,7.3,8.3,1596,358,4.46,60.56%,-0.428403,2025-05-30
MSFT,460.36,2025-06-06,Put,452.50,-1.71%,1.9,2.65,1904,427,4.46,18.99%,-0.269413,2025-05-30
PLTR,131.78,2025-06-06,Put,122.00,-7.42%,1.13,1.18,4451,998,4.46,60.56%,-0.176549,2025-05-30
CIFR,3.12,2025-06-06,Put,3.50,+12.18%,0.41,0.54,938,211,4.45,99.41%,-0.799601,2025-05-30
PLTR,131.78,2025-06-06,Put,132.00,+0.17%,4.35,4.55,2036,458,4.45,60.56%,-0.488513,2025-05-30
OKLO,52.72,2025-06-06,Call,56.00,-6.22%,1.66,1.96,1572,354,4.44,105.75%,0.371562,2025-05-30
FI,162.79,2025-06-20,Call,165.00,-1.36%,1.95,3.2,1824,411,4.44,26.53%,0.438865,2025-05-30
EOSE,4.16,2025-06-20,Call,4.50,-8.17%,0.24,0.29,8034,1819,4.42,99.95%,0.417735,2025-05-30
FUTU,101.93,2025-06-20,Call,117.00,-14.78%,1,1.37,701,159,4.41,54.62%,0.178654,2025-05-30
UPS,97.54,2025-07-18,Put,115.00,+17.90%,16.65,18.3,745,169,4.41,25.91%,-0.879157,2025-05-30
NTES,121.76,2025-07-18,Call,130.00,-6.77%,2.4,3.5,884,201,4.4,35.43%,0.340458,2025-05-30
PLTR,131.78,2025-06-06,Call,134.00,-1.68%,3.45,3.6,6671,1517,4.4,60.56%,0.44166,2025-05-30
DOCU,88.61,2025-06-06,Call,90.00,-1.57%,4.1,4.4,768,175,4.39,56.77%,0.483473,2025-05-30
RRGB,5.1,2025-06-20,Call,7.50,-47.06%,0.1,0.2,1681,383,4.39,106.27%,0.140737,2025-05-30
TSLA,346.46,2025-06-06,Call,410.00,-18.34%,0.55,0.57,12876,2936,4.39,62.57%,0.042523,2025-05-30
LYFT,15.24,2025-07-18,Call,15.00,+1.57%,1.2,1.24,18503,4216,4.39,49.36%,0.583386,2025-05-30
SMCI,40.02,2025-06-06,Call,42.50,-6.20%,0.67,0.7,22985,5232,4.39,70.71%,0.289627,2025-05-30
BSX,105.26,2025-06-20,Put,104.00,-1.20%,1.45,1.7,561,128,4.38,22.33%,-0.387164,2025-05-30
ET,17.48,2025-06-13,Call,17.00,+2.75%,0.64,0.68,684,157,4.36,25.09%,0.695821,2025-05-30
COF,189.15,2025-06-06,Put,185.00,-2.19%,1.45,1.55,1024,235,4.36,33.25%,-0.290324,2025-05-30
NVO,71.5,2025-06-20,Put,110.00,+53.85%,38.35,38.8,2547,584,4.36,50.76%,-0.981731,2025-05-30
RGTI,12.11,2025-07-18,Put,14.00,+15.61%,2.98,3.05,10016,2297,4.36,98.88%,-0.571467,2025-05-30
AAPL,200.85,2025-08-15,Put,250.00,+24.47%,48.85,49.8,800,184,4.35,30.18%,-0.939171,2025-05-30
TEVA,16.78,2025-07-18,Put,18.00,+7.27%,1.3,1.66,830,191,4.35,42.58%,-0.771258,2025-05-30
AMD,110.73,2025-06-06,Put,99.00,-10.59%,0.18,0.19,5000,1152,4.34,43.42%,-0.053721,2025-05-30
TSLA,346.46,2025-06-06,Put,340.00,-1.86%,8.15,8.25,19277,4443,4.34,62.57%,-0.390588,2025-05-30
AMAT,156.75,2025-06-06,Put,157.50,+0.48%,3.55,3.7,636,147,4.33,37.82%,-0.523325,2025-05-30
INTC,19.55,2026-09-18,Call,27.00,-38.11%,1.95,2.29,1139,263,4.33,45.52%,0.386622,2025-05-30
PONY,19.26,2025-06-06,Put,14.00,-27.31%,0.05,0.15,1566,362,4.33,150.31%,-0.053346,2025-05-30
LLY,737.67,2025-06-27,Call,760.00,-3.03%,21.4,29.35,614,142,4.32,42.25%,0.429735,2025-05-30
VRT,107.93,2025-06-06,Put,107.00,-0.86%,2.49,2.77,521,121,4.31,53.30%,-0.434811,2025-05-30
PLTR,131.78,2025-06-13,Put,129.00,-2.11%,4.65,4.8,673,156,4.31,60.56%,-0.400981,2025-05-30
MSTR,369.06,2025-06-06,Put,352.50,-4.49%,4.4,4.75,918,213,4.31,59.11%,-0.258208,2025-05-30
NVDA,135.13,2025-06-13,Call,138.00,-2.12%,2.7,2.75,7646,1773,4.31,39.04%,0.407015,2025-05-30
AEP,103.49,2025-07-18,Put,90.00,-13.04%,0.25,0.45,507,118,4.3,19.79%,-0.067347,2025-05-30
MSFT,460.36,2025-06-13,Put,455.00,-1.16%,3.15,4.9,851,198,4.3,18.99%,-0.360533,2025-05-30
ULTA,471.46,2025-06-06,Call,475.00,-0.75%,5.5,6.6,603,141,4.28,29.66%,0.439083,2025-05-30
RBRK,95.35,2025-06-20,Call,100.00,-4.88%,6.5,7.8,916,215,4.26,94.35%,0.477213,2025-05-30
TSLA,346.46,2025-06-06,Call,350.00,-1.02%,9.25,9.4,28236,6621,4.26,62.57%,0.467629,2025-05-30
GDS,23.69,2025-06-20,Call,24.00,-1.31%,1.25,1.5,1029,242,4.25,74.69%,0.504619,2025-05-30
CVS,64.04,2025-06-06,Call,64.00,+0.06%,1.07,1.15,1764,415,4.25,30.44%,0.514417,2025-05-30
UPST,47.17,2025-06-06,Put,42.00,-10.96%,0.22,0.26,2275,537,4.24,67.68%,-0.10266,2025-05-30
XOM,102.3,2025-06-06,Put,101.00,-1.27%,0.81,0.9,838,198,4.23,25.03%,-0.345901,2025-05-30
DKNG,35.88,2025-06-06,Put,35.00,-2.45%,0.43,0.45,1323,313,4.23,42.92%,-0.316714,2025-05-30
RIO,59.43,2025-07-18,Call,57.50,+3.25%,3.5,3.7,2231,527,4.23,24.88%,0.605214,2025-05-30
CRWV,111.31,2025-06-06,Call,109.00,+2.08%,7.1,7.6,506,120,4.22,114.17%,0.589261,2025-05-30
PLTR,131.78,2027-06-17,Call,170.00,-29.00%,38.05,39.75,3605,855,4.22,60.56%,0.603554,2025-05-30
MRVL,60.19,2025-06-13,Put,55.00,-8.62%,0.64,0.7,1036,246,4.21,54.73%,-0.185553,2025-05-30
TSLA,346.46,2025-06-13,Call,367.50,-6.07%,8.9,9.05,1115,265,4.21,62.57%,0.340753,2025-05-30
TSLA,346.46,2025-06-06,Call,332.50,+4.03%,18.9,19.05,1471,349,4.21,62.57%,0.720574,2025-05-30
TGT,94.01,2025-07-18,Put,130.00,+38.28%,35.6,36.6,520,124,4.19,36.01%,-0.916279,2025-05-30
TSLA,346.46,2025-06-06,Put,307.50,-11.25%,1.08,1.12,1962,468,4.19,62.57%,-0.077913,2025-05-30
UBER,84.16,2025-06-06,Call,90.00,-6.94%,0.14,0.19,6612,1579,4.19,37.70%,0.087427,2025-05-30
RDDT,112.35,2025-06-06,Put,75.00,-33.24%,0,0.16,1377,331,4.16,68.87%,-0.012704,2025-05-30
B,19.16,2025-06-06,Put,19.00,-0.84%,0.21,0.22,1525,367,4.16,31.78%,-0.400954,2025-05-30
PLTR,131.78,2025-06-06,Call,139.00,-5.48%,1.85,1.9,2385,573,4.16,60.56%,0.281522,2025-05-30
LCID,2.23,2025-06-06,Call,2.00,+10.31%,0.25,0.27,1638,395,4.15,88.40%,0.798639,2025-05-30
META,647.49,2025-06-06,Call,685.00,-5.79%,0.67,0.71,2120,511,4.15,29.59%,0.068338,2025-05-30
BABA,113.84,2025-06-06,Call,123.00,-8.05%,0.2,0.23,2191,528,4.15,35.94%,0.077841,2025-05-30
META,647.49,2025-06-06,Put,630.00,-2.70%,3.9,4.1,2635,637,4.14,29.59%,-0.244776,2025-05-30
FANG,134.55,2025-06-20,Put,167.49,+24.48%,31,34.7,500,121,4.13,36.29%,-0.848496,2025-05-30
UNH,301.91,2025-06-06,Call,287.50,+4.77%,13.15,17.15,611,148,4.13,40.72%,0.871311,2025-05-30
MSTR,369.06,2025-06-06,Call,375.00,-1.61%,8.05,8.2,4097,992,4.13,59.11%,0.431092,2025-05-30
TTWO,226.28,2025-06-06,Call,227.50,-0.54%,1.55,2.85,527,128,4.12,26.47%,0.449524,2025-05-30
PLTR,131.78,2025-06-06,Call,145.00,-10.03%,0.85,0.88,8718,2114,4.12,60.56%,0.149468,2025-05-30
PLTR,131.78,2025-06-06,Put,120.00,-8.94%,0.83,0.88,20774,5053,4.11,60.56%,-0.136453,2025-05-30
U,26.08,2025-06-06,Call,27.00,-3.53%,0.85,1.14,3427,833,4.11,87.30%,0.436995,2025-05-30
CRWV,111.31,2025-06-06,Call,118.00,-6.01%,3.6,4,2026,494,4.1,114.17%,0.371154,2025-05-30
QBTS,16.33,2025-06-13,Put,16.00,-2.02%,1.3,1.4,2520,615,4.1,115.54%,-0.416902,2025-05-30
PCT,9.51,2025-06-06,Put,9.00,-5.36%,0.1,0.35,564,138,4.09,125.37%,-0.299373,2025-05-30
PLTR,131.78,2025-06-27,Call,123.00,+6.66%,13.65,14,924,227,4.07,60.56%,0.698817,2025-05-30
ON,42.02,2025-06-06,Call,45.00,-7.09%,0.32,0.56,605,149,4.06,50.49%,0.223682,2025-05-30
BABA,113.84,2025-06-06,Call,110.00,+3.37%,4.7,4.85,649,160,4.06,35.94%,0.744414,2025-05-30
CRM,265.37,2025-06-20,Put,310.00,+16.82%,43,47,1603,395,4.06,28.40%,-0.876911,2025-05-30
PLTR,131.78,2025-08-15,Put,77.50,-41.19%,1.31,1.36,4029,993,4.06,60.56%,-0.054011,2025-05-30
NVDA,135.13,2025-06-13,Call,137.00,-1.38%,3.1,3.2,5295,1304,4.06,39.04%,0.447257,2025-05-30
CRWV,111.31,2025-06-06,Call,108.00,+2.97%,7.5,8.2,667,165,4.04,114.17%,0.615973,2025-05-30
NVDA,135.13,2025-06-06,Put,133.00,-1.58%,1.98,2.03,13706,3389,4.04,39.04%,-0.373378,2025-05-30
HOOD,66.15,2025-06-27,Put,51.00,-22.90%,0.42,0.71,512,127,4.03,63.72%,-0.077631,2025-05-30
FTNT,101.78,2026-03-20,Put,80.00,-21.40%,4.55,4.8,600,149,4.03,29.04%,-0.184676,2025-05-30
NVDA,135.13,2025-06-27,Put,142.00,+5.08%,9.6,11.25,858,213,4.03,39.04%,-0.630829,2025-05-30
NFLX,1207.23,2025-06-06,Call,"1,200.00",+0.60%,21.75,22.85,2073,516,4.02,27.56%,0.578414,2025-05-30
CVNA,327.16,2025-06-06,Call,330.00,-0.87%,7.35,7.8,1050,262,4.01,50.04%,0.465917,2025-05-30
DJT,21.33,2025-06-06,Call,22.50,-5.49%,0.59,0.64,1567,391,4.01,95.31%,0.359742,2025-05-30
MSFT,460.36,2025-06-06,Put,457.50,-0.62%,3.4,3.65,2669,666,4.01,18.99%,-0.396089,2025-05-30
IONQ,40.34,2025-06-06,Call,42.00,-4.12%,1.22,1.45,556,139,4,93.69%,0.404124,2025-05-30
ENPH,41.39,2025-07-18,Call,35.00,+15.44%,7.2,8.15,792,198,4,69.28%,0.810808,2025-05-30
NVDA,135.13,2025-06-20,Put,160.00,+18.40%,24.8,25.4,1139,285,4,39.04%,-0.939772,2025-05-30
PLTR,131.78,2025-09-19,Call,195.00,-47.97%,4.65,4.75,1377,344,4,60.56%,0.202528,2025-05-30
TMUS,242.2,2025-07-18,Call,250.00,-3.22%,5.55,5.75,579,145,3.99,24.70%,0.392314,2025-05-30
INTC,19.55,2026-09-18,Call,25.00,-27.88%,2.69,2.78,675,169,3.99,45.52%,0.444422,2025-05-30
RBLX,86.98,2025-08-15,Call,110.00,-26.47%,1.67,1.87,1003,252,3.98,37.35%,0.182049,2025-05-30
NFLX,1207.23,2025-06-06,Call,"1,260.00",-4.37%,2.7,2.95,1860,467,3.98,27.56%,0.129487,2025-05-30
PLTR,131.78,2025-06-06,Call,160.00,-21.41%,0.09,0.15,3724,935,3.98,60.56%,0.030271,2025-05-30
ZS,275.7,2025-06-13,Call,270.00,+2.07%,9.85,11,1252,316,3.96,30.08%,0.650279,2025-05-30
DJT,21.33,2025-06-20,Call,21.00,+1.55%,1.83,2.04,2663,673,3.96,95.31%,0.575465,2025-05-30
RUN,7.49,2025-08-15,Call,9.00,-20.16%,1.06,1.21,5510,1393,3.96,118.52%,0.475781,2025-05-30
PLTR,131.78,2025-06-06,Call,120.00,+8.94%,12.6,12.9,7593,1929,3.94,60.56%,0.85826,2025-05-30
COST,1040.18,2025-06-06,Put,"1,000.00",-3.86%,1.61,2.15,798,203,3.93,21.91%,-0.118348,2025-05-30
TGT,94.01,2025-06-20,Put,120.00,+27.65%,25.6,27.1,1490,379,3.93,36.01%,-0.867515,2025-05-30
OKLO,52.72,2025-06-20,Put,49.00,-7.06%,3.25,3.4,2053,524,3.92,105.75%,-0.33424,2025-05-30
TIGR,8.11,2025-06-20,Call,9.00,-10.97%,0.14,0.18,2440,623,3.92,79.58%,0.246303,2025-05-30
OKLO,52.72,2025-06-06,Call,60.00,-13.81%,0.85,1.04,7536,1922,3.92,105.75%,0.230068,2025-05-30
BILI,18.3,2025-06-06,Put,17.00,-7.10%,0.09,0.12,547,140,3.91,56.09%,-0.15043,2025-05-30
PINS,31.11,2025-06-06,Call,32.50,-4.47%,0.17,0.24,583,149,3.91,42.44%,0.22675,2025-05-30
SMMT,18.22,2025-06-20,Put,16.00,-12.18%,0.75,0.85,868,222,3.91,93.05%,-0.258565,2025-05-30
VRT,107.93,2025-06-06,Put,95.00,-11.98%,0.12,0.27,884,226,3.91,53.30%,-0.051651,2025-05-30
NFLX,1207.23,2025-06-06,Put,"1,180.00",-2.26%,7.05,7.7,992,254,3.91,27.56%,-0.263313,2025-05-30
DASH,208.65,2025-06-20,Call,207.50,+0.55%,7.6,8.25,734,188,3.9,36.13%,0.554153,2025-05-30
GE,245.91,2025-06-06,Put,245.00,-0.37%,2.94,3.2,893,229,3.9,31.04%,-0.44539,2025-05-30
META,647.49,2025-06-06,Put,570.00,-11.97%,0.2,0.23,1300,333,3.9,29.59%,-0.016055,2025-05-30
EOSE,4.16,2025-06-06,Put,4.00,-3.85%,0.13,0.15,525,135,3.89,99.95%,-0.355197,2025-05-30
NVDA,135.13,2025-07-03,Put,134.00,-0.84%,5.6,5.75,611,157,3.89,39.04%,-0.438329,2025-05-30
BLDR,107.68,2025-06-20,Put,175.00,+62.52%,65.3,69.3,1230,316,3.89,44.71%,-0.870938,2025-05-30
AAPL,200.85,2025-06-06,Call,202.50,-0.82%,2.36,2.42,22187,5697,3.89,30.18%,0.429883,2025-05-30
HPE,17.28,2025-06-13,Put,16.00,-7.41%,0.38,0.47,516,133,3.88,54.02%,-0.257409,2025-05-30
ETSY,55.35,2025-06-06,Put,54.00,-2.44%,0.6,0.84,620,160,3.88,39.11%,-0.312643,2025-05-30
CRWV,111.31,2025-06-06,Call,107.00,+3.87%,8.2,8.7,651,168,3.88,114.17%,0.644514,2025-05-30
CRWV,111.31,2025-06-06,Call,115.00,-3.32%,4.7,5,1808,466,3.88,114.17%,0.439692,2025-05-30
DOW,27.74,2025-07-18,Call,25.00,+9.88%,3.5,3.6,502,130,3.86,40.92%,0.727875,2025-05-30
INTC,19.55,2025-06-20,Call,19.50,+0.26%,0.84,0.88,653,169,3.86,45.52%,0.533735,2025-05-30
MSTR,369.06,2025-06-27,Put,285.00,-22.78%,2.77,3,664,172,3.86,59.11%,-0.079549,2025-05-30
PLTR,131.78,2025-06-13,Put,128.00,-2.87%,4.25,4.4,997,259,3.85,60.56%,-0.375391,2025-05-30
NVDA,135.13,2025-06-06,Put,122.00,-9.72%,0.19,0.21,6921,1797,3.85,39.04%,-0.052791,2025-05-30
TSLA,346.46,2025-06-06,Put,365.00,+5.35%,23.4,23.6,4597,1200,3.83,62.57%,-0.710591,2025-05-30
TIGR,8.11,2025-06-20,Put,7.50,-7.52%,0.16,0.2,2148,562,3.82,79.58%,-0.263636,2025-05-30
QBTS,16.33,2025-06-06,Call,16.00,+2.02%,1.2,1.3,1914,502,3.81,115.54%,0.583416,2025-05-30
PANW,192.42,2025-06-06,Call,192.50,-0.04%,2.82,3.1,977,257,3.8,28.85%,0.510665,2025-05-30
FCX,38.48,2025-06-06,Call,39.50,-2.65%,0.45,0.5,1430,376,3.8,42.31%,0.333173,2025-05-30
CFLT,23.03,2025-10-17,Call,24.00,-4.21%,3,3.2,1500,395,3.8,50.90%,0.545853,2025-05-30
TSLA,346.46,2025-06-06,Call,367.50,-6.07%,3.95,4.05,5578,1468,3.8,62.57%,0.247465,2025-05-30
PDD,96.51,2025-08-15,Put,90.00,-6.75%,3.6,3.7,7065,1861,3.8,37.90%,-0.302702,2025-05-30
AAPL,200.85,2025-06-13,Call,197.50,+1.67%,6.9,7.15,769,203,3.79,30.18%,0.624748,2025-05-30
TSLA,346.46,2025-06-06,Call,327.50,+5.47%,22.5,22.65,869,230,3.78,62.57%,0.783276,2025-05-30
LVWR,4.5,2025-06-20,Put,4.00,-11.11%,0.7,0.75,2315,612,3.78,184.57%,-0.309301,2025-05-30
BOX,37.82,2025-06-20,Put,34.00,-10.10%,0,0.3,600,159,3.77,22.91%,-0.074242,2025-05-30
EOSE,4.16,2025-06-27,Call,5.00,-20.19%,0.17,0.23,989,262,3.77,99.95%,0.293618,2025-05-30
VRNA,81.2,2025-06-20,Call,90.00,-10.84%,1.15,1.65,2107,560,3.76,56.47%,0.235611,2025-05-30
MSFT,460.36,2025-06-06,Call,462.50,-0.46%,2.41,3.5,2296,612,3.75,18.99%,0.436999,2025-05-30
MSTR,369.06,2025-06-06,Put,285.00,-22.78%,0.39,0.5,2445,654,3.74,59.11%,-0.022737,2025-05-30
COIN,246.62,2025-06-20,Put,130.00,-47.29%,0.05,0.22,3971,1063,3.74,56.25%,-0.005314,2025-05-30
RIOT,8.07,2025-06-06,Call,8.00,+0.87%,0.33,0.35,4599,1230,3.74,72.12%,0.559323,2025-05-30
CVX,136.7,2025-06-06,Put,137.00,+0.22%,1.95,2.04,921,247,3.73,25.78%,-0.519136,2025-05-30
ORCL,165.53,2025-06-06,Call,167.50,-1.19%,1.71,1.83,3074,824,3.73,44.90%,0.396234,2025-05-30
AMC,3.56,2025-12-19,Call,4.50,-26.40%,0.74,0.77,10935,2928,3.73,105.54%,0.520939,2025-05-30
CVS,64.04,2025-06-13,Call,64.00,+0.06%,1.52,1.62,517,139,3.72,30.44%,0.516124,2025-05-30
NFLX,1207.23,2025-06-06,Call,"1,195.00",+1.01%,24.3,26,888,239,3.72,27.56%,0.622082,2025-05-30
HIMS,56.56,2025-06-13,Call,55.00,+2.76%,4.8,4.95,1126,303,3.72,94.25%,0.600226,2025-05-30
UBER,84.16,2025-06-06,Call,83.00,+1.38%,2.21,2.31,1450,390,3.72,37.70%,0.633093,2025-05-30
DKNG,35.88,2025-06-06,Put,35.50,-1.06%,0.61,0.63,571,154,3.71,42.92%,-0.410249,2025-05-30
NKE,60.59,2025-06-13,Call,60.00,+0.97%,1.66,1.76,1166,314,3.71,46.55%,0.584143,2025-05-30
WMT,98.72,2025-06-06,Put,92.00,-6.81%,0.08,0.14,3525,949,3.71,21.38%,-0.059855,2025-05-30
GAP,22.31,2025-06-06,Put,21.50,-3.63%,0.2,0.24,792,214,3.7,44.06%,-0.260223,2025-05-30
TSM,193.32,2025-06-06,Call,192.50,+0.42%,3.65,4.05,1996,539,3.7,33.33%,0.551035,2025-05-30
NVDA,135.13,2025-06-06,Put,135.00,-0.10%,2.85,2.86,52299,14149,3.7,39.04%,-0.47798,2025-05-30
ZS,275.7,2025-06-06,Call,275.00,+0.25%,4.45,5.7,1078,292,3.69,30.08%,0.536673,2025-05-30
GOOGL,171.74,2025-06-13,Call,172.50,-0.44%,3.35,3.4,2235,606,3.69,27.83%,0.487566,2025-05-30
PYPL,70.28,2025-06-20,Put,66.00,-6.09%,0.45,0.59,835,227,3.68,30.17%,-0.179277,2025-05-30
HUT,15.27,2025-06-06,Put,15.50,+1.51%,0.56,0.89,1053,286,3.68,88.08%,-0.524058,2025-05-30
TROX,5.68,2025-08-15,Call,7.00,-23.24%,0.3,0.6,5199,1414,3.68,71.73%,0.330461,2025-05-30
PONY,19.26,2025-06-06,Put,14.50,-24.71%,0.05,0.2,657,179,3.67,150.31%,-0.088463,2025-05-30
DIS,113.04,2025-06-06,Call,114.00,-0.85%,0.76,0.83,3847,1047,3.67,21.18%,0.385459,2025-05-30
MRK,76.84,2025-06-27,Call,80.00,-4.11%,1.52,1.97,4309,1177,3.66,39.92%,0.35853,2025-05-30
WMT,98.72,2025-06-13,Put,97.00,-1.74%,0.94,1.21,1706,468,3.65,21.38%,-0.326722,2025-05-30
META,647.49,2025-06-06,Call,640.00,+1.16%,14.15,14.5,4078,1119,3.64,29.59%,0.632671,2025-05-30
NVDA,135.13,2025-06-06,Call,149.00,-10.26%,0.12,0.13,21582,5930,3.64,39.04%,0.043168,2025-05-30
FANG,134.55,2025-06-20,Put,168.56,+25.28%,32.1,35.9,700,193,3.63,36.29%,-0.844597,2025-05-30
MSTR,369.06,2025-06-20,Call,515.00,-39.54%,0.93,1.03,1037,286,3.63,59.11%,0.040412,2025-05-30
META,647.49,2025-06-06,Call,665.00,-2.70%,3.1,3.3,2379,656,3.63,29.59%,0.242139,2025-05-30
TSLA,346.46,2025-06-06,Call,345.00,+0.42%,11.55,11.65,6894,1906,3.62,62.57%,0.540727,2025-05-30
AMZN,205.01,2025-06-06,Call,205.00,0.00%,3.1,3.25,13156,3649,3.61,28.98%,0.51556,2025-05-30
KHC,26.73,2025-10-17,Call,27.50,-2.88%,1.4,1.44,3490,969,3.6,23.56%,0.452164,2025-05-30
INTC,19.55,2025-06-06,Call,19.00,+2.81%,0.78,0.81,1984,553,3.59,45.52%,0.69527,2025-05-30
UNH,301.91,2025-06-06,Put,302.50,+0.20%,6.8,7.2,1071,299,3.58,40.72%,-0.500804,2025-05-30
GOOGL,171.74,2025-07-03,Call,190.00,-10.63%,0.86,0.92,696,195,3.57,27.83%,0.129024,2025-05-30
ANF,78.49,2025-06-20,Call,85.00,-8.29%,1.6,1.75,2357,660,3.57,54.34%,0.290541,2025-05-30
MMM,148.35,2025-09-19,Put,120.00,-19.11%,1.53,1.83,848,238,3.56,26.98%,-0.110215,2025-05-30
TSLA,346.46,2025-06-06,Call,362.50,-4.63%,5.05,5.2,11845,3332,3.55,62.57%,0.304269,2025-05-30
FCX,38.48,2025-06-20,Put,50.00,+29.94%,11.45,11.6,4174,1177,3.55,42.31%,-0.951025,2025-05-30
MP,21.79,2025-11-21,Call,22.00,-0.96%,4.2,4.5,619,175,3.54,84.34%,0.607339,2025-05-30
NVDA,135.13,2025-06-06,Put,137.00,+1.38%,3.9,4,12971,3663,3.54,39.04%,-0.584846,2025-05-30
DJT,21.33,2025-06-06,Call,20.00,+6.24%,1.74,1.89,924,263,3.51,95.31%,0.71811,2025-05-30
U,26.08,2025-06-13,Call,26.00,+0.31%,1.83,2.16,1284,366,3.51,87.30%,0.544998,2025-05-30
QIPT,1.79,2025-07-18,Call,2.5000,-39.66%,0.15,0.2,3267,932,3.51,135.00%,0.38008,2025-05-30
CRWV,111.31,2026-01-16,Call,50.00,+55.08%,59.2,63,3718,1058,3.51,114.17%,0.983367,2025-05-30
PDD,96.51,2025-09-19,Put,170.00,+76.15%,73,73.95,700,200,3.5,37.90%,-0.926357,2025-05-30
PINS,31.11,2025-07-18,Put,28.00,-10.00%,0.63,0.67,858,245,3.5,42.44%,-0.216781,2025-05-30
UNH,301.91,2025-06-06,Call,327.50,-8.48%,0.77,0.93,1000,286,3.5,40.72%,0.099155,2025-05-30
MRNA,26.56,2026-01-16,Put,165.00,+521.23%,137.9,138.8,1620,463,3.5,73.61%,-0.890036,2025-05-30
AMD,110.73,2025-06-06,Put,106.00,-4.27%,0.86,0.88,2226,636,3.5,43.42%,-0.221257,2025-05-30
U,26.08,2025-06-13,Call,28.00,-7.36%,1.04,1.37,862,247,3.49,87.30%,0.395912,2025-05-30
TSLA,346.46,2025-06-13,Call,357.50,-3.19%,12.1,12.25,1809,518,3.49,62.57%,0.425774,2025-05-30
TSLA,346.46,2025-06-06,Put,362.50,+4.63%,21.5,21.7,5631,1623,3.47,62.57%,-0.686973,2025-05-30
DJT,21.33,2025-06-06,Call,21.50,-0.80%,0.96,0.97,2087,603,3.46,95.31%,0.500667,2025-05-30
NVDA,135.13,2025-07-11,Call,150.00,-11.00%,2.02,2.35,511,148,3.45,39.04%,0.231201,2025-05-30
QUBT,11.32,2025-06-27,Put,11.00,-2.83%,1.25,1.35,559,162,3.45,119.36%,-0.39777,2025-05-30
PLTR,131.78,2025-06-06,Call,144.00,-9.27%,0.96,1.02,1594,462,3.45,60.56%,0.168721,2025-05-30
NVDA,135.13,2025-06-06,Call,147.00,-8.78%,0.17,0.19,21128,6129,3.45,39.04%,0.062054,2025-05-30
CELH,37.88,2025-06-06,Call,44.00,-16.16%,0.06,0.09,516,150,3.44,55.39%,0.053734,2025-05-30
BAC,44.13,2025-08-15,Put,48.00,+8.77%,4.5,4.6,1543,449,3.44,24.27%,-0.73183,2025-05-30
CCL,23.22,2025-06-06,Call,24.50,-5.51%,0.09,0.1,2455,714,3.44,48.71%,0.15871,2025-05-30
BABA,113.84,2025-06-06,Put,110.00,-3.37%,0.76,0.78,4396,1277,3.44,35.94%,-0.233174,2025-05-30
NVTS,5.1,2025-09-19,Call,7.00,-37.25%,0.75,0.85,5262,1533,3.43,121.69%,0.454705,2025-05-30
TOST,42.18,2025-06-06,Put,41.00,-2.80%,0.38,0.46,537,157,3.42,39.17%,-0.286704,2025-05-30
IONQ,40.34,2025-06-06,Call,44.00,-9.07%,0.79,0.9,893,261,3.42,93.69%,0.277499,2025-05-30
BP,29.1,2025-06-06,Put,28.00,-3.78%,0.07,0.12,1373,401,3.42,28.63%,-0.161752,2025-05-30
U,26.08,2025-06-06,Call,26.00,+0.31%,1.3,1.5,2311,676,3.42,87.30%,0.538159,2025-05-30
IREN,8.39,2025-06-13,Call,10.00,-19.19%,0.08,0.11,2153,631,3.41,87.55%,0.154375,2025-05-30
CLF,5.83,2025-07-18,Put,4.00,-31.39%,0.09,0.11,710,209,3.4,79.43%,-0.095514,2025-05-30
CNX,32.28,2025-12-19,Call,37.00,-14.62%,0.75,2.7,752,221,3.4,41.09%,0.315001,2025-05-30
ASTS,23.07,2025-06-06,Call,24.50,-6.20%,0.2,0.44,798,235,3.4,74.95%,0.291882,2025-05-30
TSLA,346.46,2025-07-03,Put,325.00,-6.19%,15.75,16.15,559,165,3.39,62.57%,-0.328019,2025-05-30
CRWV,111.31,2025-06-06,Call,120.00,-7.81%,3.2,3.4,4237,1249,3.39,114.17%,0.331742,2025-05-30
MSTR,369.06,2025-06-06,Call,372.50,-0.93%,9.15,9.35,1284,380,3.38,59.11%,0.467037,2025-05-30
CRWV,111.31,2025-09-19,Put,160.00,+43.74%,71,74.1,2534,750,3.38,114.17%,-0.480794,2025-05-30
XYZ,61.75,2025-06-06,Call,62.00,-0.40%,1.34,1.41,3085,913,3.38,44.28%,0.490525,2025-05-30
SMCI,40.02,2025-06-06,Call,47.00,-17.44%,0.14,0.17,11749,3486,3.37,70.71%,0.075619,2025-05-30
BE,18.47,2027-01-15,Put,20.00,+8.28%,6.4,7,1149,341,3.37,68.65%,-0.356087,2025-05-30
RUN,7.49,2025-09-19,Call,10.00,-33.51%,1.03,1.14,5049,1497,3.37,118.52%,0.431087,2025-05-30
IONQ,40.34,2025-06-06,Put,38.00,-5.80%,0.88,1,858,255,3.36,93.69%,-0.29165,2025-05-30
NVDA,135.13,2025-06-06,Call,148.00,-9.52%,0.14,0.16,47892,14244,3.36,39.04%,0.05241,2025-05-30
XOM,102.3,2025-06-13,Put,98.00,-4.20%,0.5,0.63,553,165,3.35,25.03%,-0.191613,2025-05-30
BP,29.1,2025-06-06,Put,28.50,-2.06%,0.2,0.31,637,190,3.35,28.63%,-0.286374,2025-05-30
CCL,23.22,2025-06-06,Call,23.00,+0.95%,0.58,0.61,2014,601,3.35,48.71%,0.576197,2025-05-30
U,26.08,2025-07-18,Put,19.00,-27.15%,0.32,0.52,504,151,3.34,87.30%,-0.102145,2025-05-30
OSCR,13.8,2025-06-06,Put,13.50,-2.17%,0.3,0.35,691,207,3.34,67.28%,-0.380009,2025-05-30
BABA,113.84,2025-06-06,Call,119.00,-4.53%,0.54,0.58,1274,382,3.34,35.94%,0.190927,2025-05-30
TSLA,346.46,2025-06-13,Put,355.00,+2.46%,21.7,21.9,2404,723,3.33,62.57%,-0.549624,2025-05-30
COST,1040.18,2025-06-06,Call,"1,100.00",-5.75%,0.5,0.53,5134,1544,3.33,21.91%,0.039993,2025-05-30
TSLA,346.46,2025-06-13,Put,357.50,+3.19%,23.25,23.45,2039,614,3.32,62.57%,-0.571079,2025-05-30
PEP,131.45,2025-06-06,Call,136.00,-3.46%,0.11,0.14,858,259,3.31,21.37%,0.08299,2025-05-30
DJT,21.33,2025-06-06,Put,23.00,+7.83%,2.1,2.23,914,276,3.31,95.31%,-0.694661,2025-05-30
DJT,21.33,2025-09-19,Call,23.00,-7.83%,3.1,3.6,1191,360,3.31,95.31%,0.535696,2025-05-30
BA,207.32,2025-06-06,Call,207.50,-0.09%,2.77,3,2388,722,3.31,29.18%,0.498342,2025-05-30
ALT,5.43,2025-06-20,Call,5.50,-1.29%,0.7,0.85,507,154,3.29,233.78%,0.515521,2025-05-30
NFLX,1207.23,2025-06-06,Put,"1,185.00",-1.84%,8.6,9.3,761,231,3.29,27.56%,-0.30054,2025-05-30
QBTS,16.33,2025-06-06,Put,14.00,-14.27%,0.25,0.3,2893,878,3.29,115.54%,-0.172958,2025-05-30
CRWV,111.31,2025-06-06,Put,107.00,-3.87%,4.9,5.3,550,168,3.27,114.17%,-0.371543,2025-05-30
HOOD,66.15,2025-06-27,Call,76.00,-14.89%,1.5,1.68,553,169,3.27,63.72%,0.250818,2025-05-30
FSLR,158.08,2025-06-06,Call,160.00,-1.21%,4.05,4.7,621,190,3.27,59.23%,0.457147,2025-05-30
MP,21.79,2025-06-06,Call,25.00,-14.73%,0.35,0.4,874,267,3.27,84.34%,0.203349,2025-05-30
HIMS,56.56,2025-06-06,Put,54.00,-4.53%,1.53,1.81,1157,354,3.27,94.25%,-0.326614,2025-05-30
NFLX,1207.23,2025-06-06,Put,"1,150.00",-4.74%,2.4,2.82,1842,564,3.27,27.56%,-0.111625,2025-05-30
TSLA,346.46,2025-06-06,Put,325.00,-6.19%,3.4,3.5,8716,2664,3.27,62.57%,-0.205045,2025-05-30
RUN,7.49,2025-08-15,Put,4.00,-46.60%,0.3,0.34,4226,1298,3.26,118.52%,-0.09924,2025-05-30
AMZN,205.01,2025-06-06,Put,202.50,-1.22%,2.22,2.29,6515,2001,3.26,28.98%,-0.370099,2025-05-30
UAL,79.44,2025-06-06,Put,74.00,-6.85%,0.42,0.53,556,171,3.25,47.95%,-0.148898,2025-05-30
NVO,71.5,2025-06-20,Put,100.00,+39.86%,28.4,29.45,601,185,3.25,50.76%,-0.962442,2025-05-30
DKS,179.34,2025-06-06,Call,200.00,-11.52%,0.05,0.1,903,278,3.25,35.29%,0.021604,2025-05-30
DECK,105.52,2025-06-20,Put,165.00,+56.37%,55,64,1600,492,3.25,42.52%,-0.782865,2025-05-30
AMD,110.73,2025-06-06,Put,111.00,+0.24%,2.6,2.63,2434,748,3.25,43.42%,-0.502043,2025-05-30
DIS,113.04,2025-06-20,Call,117.00,-3.50%,0.76,0.92,850,262,3.24,21.18%,0.259046,2025-05-30
GOOG,172.85,2025-06-06,Put,172.50,-0.20%,2.36,2.4,1341,414,3.24,27.68%,-0.465715,2025-05-30
MRNA,26.56,2025-06-27,Call,32.00,-20.48%,0.54,0.6,529,164,3.23,73.61%,0.208022,2025-05-30
PANW,192.42,2025-06-06,Put,185.00,-3.86%,0.65,0.82,1174,364,3.23,28.85%,-0.166779,2025-05-30
SMCI,40.02,2025-06-06,Call,40.00,+0.05%,1.55,1.6,7700,2387,3.23,70.71%,0.52449,2025-05-30
ZS,275.7,2025-06-06,Call,280.00,-1.56%,3,3.25,1380,429,3.22,30.08%,0.375527,2025-05-30
LRCX,80.79,2025-07-18,Put,70.00,-13.36%,1.11,1.16,603,188,3.21,40.16%,-0.156698,2025-05-30
TSLA,346.46,2025-06-13,Call,370.00,-6.79%,8.3,8.4,5218,1626,3.21,62.57%,0.322563,2025-05-30
NVDA,135.13,2025-06-06,Put,127.00,-6.02%,0.58,0.59,9657,3010,3.21,39.04%,-0.138632,2025-05-30
NVDA,135.13,2025-06-06,Call,135.00,+0.10%,2.81,2.86,52944,16501,3.21,39.04%,0.523229,2025-05-30
V,365.19,2025-06-06,Call,365.00,+0.05%,2.67,4,688,215,3.2,19.00%,0.523072,2025-05-30
PFE,23.49,2025-06-06,Put,23.50,+0.04%,0.32,0.33,1099,343,3.2,25.73%,-0.503384,2025-05-30
BAM,56.1,2025-06-20,Put,52.50,-6.42%,0.6,1.05,1384,432,3.2,36.44%,-0.23949,2025-05-30
TSLA,346.46,2025-06-06,Put,327.50,-5.47%,4,4.1,3026,947,3.2,62.57%,-0.231558,2025-05-30
DAL,48.39,2025-06-06,Put,49.00,+1.26%,1.34,1.39,771,242,3.19,42.13%,-0.580302,2025-05-30
MSTR,369.06,2025-06-06,Put,367.50,-0.42%,9.6,10.05,1040,326,3.19,59.11%,-0.459046,2025-05-30
SNAP,8.25,2026-01-16,Call,9.00,-9.09%,1.35,1.44,2513,787,3.19,48.39%,0.544133,2025-05-30
MDB,188.83,2025-06-06,Put,175.00,-7.32%,7.6,7.85,888,279,3.18,77.84%,-0.307539,2025-05-30
TTD,75.22,2025-06-06,Call,77.00,-2.37%,1.01,1.21,905,285,3.18,46.43%,0.374368,2025-05-30
LLY,737.67,2025-06-06,Call,750.00,-1.67%,8.8,9.85,1117,351,3.18,42.25%,0.378761,2025-05-30
BABA,113.84,2025-06-06,Call,116.00,-1.90%,1.25,1.31,1144,360,3.18,35.94%,0.357281,2025-05-30
MRVL,60.19,2025-06-20,Put,110.00,+82.75%,49.2,50.4,3285,1034,3.18,54.73%,-0.921223,2025-05-30
TSLA,346.46,2025-06-27,Put,105.00,-69.69%,0.07,0.12,821,259,3.17,62.57%,-0.002242,2025-05-30
U,26.08,2025-08-15,Call,40.00,-53.37%,0.9,1.1,3428,1082,3.17,87.30%,0.211625,2025-05-30
MSTR,369.06,2025-06-06,Put,357.50,-3.13%,5.8,6.15,770,244,3.16,59.11%,-0.318579,2025-05-30
PONY,19.26,2025-06-06,Put,19.50,+1.25%,1.7,1.85,1021,323,3.16,150.31%,-0.476159,2025-05-30
MSFT,460.36,2025-06-06,Call,457.50,+0.62%,5.9,6.25,1888,598,3.16,18.99%,0.613701,2025-05-30
NFLX,1207.23,2025-06-06,Call,"1,255.00",-3.96%,3.2,3.65,580,184,3.15,27.56%,0.152176,2025-05-30
NFLX,1207.23,2025-06-06,Put,"1,200.00",-0.60%,13.55,14.35,1076,342,3.15,27.56%,-0.422296,2025-05-30
SMCI,40.02,2025-06-06,Put,41.00,+2.45%,2.07,2.13,1775,563,3.15,70.71%,-0.579043,2025-05-30
PLTR,131.78,2025-06-13,Put,125.00,-5.14%,3.15,3.3,2899,919,3.15,60.56%,-0.304421,2025-05-30
AAPL,200.85,2025-06-06,Call,197.50,+1.67%,5.15,5.35,5522,1751,3.15,30.18%,0.668975,2025-05-30
NVO,71.5,2025-06-06,Put,70.00,-2.10%,0.93,0.99,506,161,3.14,50.76%,-0.344439,2025-05-30
BA,207.32,2025-06-06,Put,197.50,-4.74%,0.5,0.6,1327,422,3.14,29.18%,-0.123157,2025-05-30
SMCI,40.02,2025-06-06,Call,40.50,-1.20%,1.32,1.37,1876,597,3.14,70.71%,0.473188,2025-05-30
MGM,31.65,2025-07-18,Put,29.00,-8.37%,0.64,0.75,992,317,3.13,37.24%,-0.239332,2025-05-30
PLTR,131.78,2025-06-13,Call,131.00,+0.59%,6.6,6.95,1323,423,3.13,60.56%,0.548713,2025-05-30
DELL,111.27,2025-06-06,Call,118.00,-6.05%,0.46,0.56,1355,433,3.13,41.34%,0.164723,2025-05-30
FSLR,158.08,2025-08-15,Call,210.00,-32.84%,4,5.3,1515,484,3.13,59.23%,0.203587,2025-05-30
NVDA,135.13,2025-06-27,Call,135.00,+0.10%,5.9,6,12271,3931,3.12,39.04%,0.536645,2025-05-30
DG,97.25,2025-06-06,Put,92.00,-5.40%,2.1,2.29,592,190,3.12,48.52%,-0.29517,2025-05-30
CAVA,81.27,2025-06-06,Call,80.00,+1.56%,2.81,2.95,662,212,3.12,48.82%,0.611248,2025-05-30
NVDA,135.13,2025-06-27,Put,128.00,-5.28%,2.85,2.95,1813,581,3.12,39.04%,-0.286212,2025-05-30
GOOGL,171.74,2025-06-06,Put,167.50,-2.47%,1.05,1.07,4440,1424,3.12,27.83%,-0.253834,2025-05-30
U,26.08,2025-06-27,Call,28.00,-7.36%,1.57,2.1,846,272,3.11,87.30%,0.440111,2025-05-30
CSCO,63.04,2025-06-20,Put,62.00,-1.65%,0.6,0.65,1445,464,3.11,17.98%,-0.332481,2025-05-30
APA,17.01,2025-06-06,Put,16.50,-3.00%,0.25,0.29,768,248,3.1,47.61%,-0.330091,2025-05-30
X,53.82,2025-10-17,Call,52.50,+2.45%,2.14,2.5,1192,385,3.1,31.29%,0.774663,2025-05-30
PONY,19.26,2025-06-06,Put,17.00,-11.73%,0.55,0.6,1363,440,3.1,150.31%,-0.230448,2025-05-30
CRWV,111.31,2025-08-15,Put,135.00,+21.28%,44.1,46,1776,572,3.1,114.17%,-0.475561,2025-05-30
TSLA,346.46,2025-06-06,Put,317.50,-8.36%,2.12,2.16,2896,933,3.1,62.57%,-0.139154,2025-05-30
HOOD,66.15,2025-06-06,Put,58.00,-12.32%,0.22,0.25,3261,1052,3.1,63.72%,-0.077283,2025-05-30
TSLA,346.46,2025-06-06,Put,320.00,-7.64%,2.51,2.54,17117,5513,3.1,62.57%,-0.159065,2025-05-30
PLTR,131.78,2025-07-03,Call,140.00,-6.24%,5.85,6.4,562,182,3.09,60.56%,0.409249,2025-05-30
UBER,84.16,2025-06-06,Call,86.00,-2.19%,0.8,0.85,4461,1449,3.08,37.70%,0.335422,2025-05-30
INTC,19.55,2025-06-06,Put,18.50,-5.37%,0.12,0.13,3221,1050,3.07,45.52%,-0.177596,2025-05-30
TSLA,346.46,2025-06-06,Put,275.00,-20.63%,0.21,0.24,11155,3633,3.07,62.57%,-0.01557,2025-05-30
TSLA,346.46,2025-06-13,Put,332.50,-4.03%,10.45,10.6,551,180,3.06,62.57%,-0.342956,2025-05-30
EOG,108.57,2025-06-20,Put,130.00,+19.74%,20,22.4,1410,461,3.06,29.75%,-0.912303,2025-05-30
TSLA,346.46,2025-06-13,Put,360.00,+3.91%,24.85,25.05,1659,542,3.06,62.57%,-0.592655,2025-05-30
AMD,110.73,2025-06-06,Put,108.00,-2.47%,1.37,1.4,2520,823,3.06,43.42%,-0.31999,2025-05-30
YPF,35.38,2025-10-17,Call,42.00,-18.71%,1.95,2.1,518,170,3.05,45.64%,0.341003,2025-05-30
NVO,71.5,2025-06-20,Put,95.00,+32.87%,23.35,25.15,1600,525,3.05,50.76%,-0.958768,2025-05-30
SNOW,205.67,2025-06-06,Put,195.00,-5.19%,0.9,1,1646,540,3.05,32.73%,-0.154052,2025-05-30
HOOD,66.15,2025-06-06,Put,63.00,-4.76%,1.04,1.08,4868,1596,3.05,63.72%,-0.276024,2025-05-30
MRVL,60.19,2025-06-06,Put,59.00,-1.98%,1.2,1.29,970,319,3.04,54.73%,-0.375908,2025-05-30
TSLA,346.46,2025-06-06,Put,342.50,-1.14%,9.25,9.4,3429,1129,3.04,62.57%,-0.425112,2025-05-30
DJT,21.33,2025-06-20,Call,22.00,-3.14%,1.44,1.57,3827,1259,3.04,95.31%,0.486975,2025-05-30
ESTC,80.87,2025-06-20,Call,85.00,-5.11%,0.9,1.85,548,181,3.03,40.09%,0.328706,2025-05-30
META,647.49,2025-06-06,Put,635.00,-1.93%,5.15,5.4,1780,588,3.03,29.59%,-0.305058,2025-05-30
MSTR,369.06,2025-06-06,Put,355.00,-3.81%,5.1,5.35,1961,647,3.03,59.11%,-0.287397,2025-05-30
META,647.49,2025-06-06,Put,640.00,-1.16%,6.7,7.05,3123,1029,3.03,29.59%,-0.373772,2025-05-30
TSLA,346.46,2025-07-03,Call,350.00,-1.02%,25,25.25,3112,1032,3.02,62.57%,0.524565,2025-05-30
MSTR,369.06,2025-06-06,Put,365.00,-1.10%,8.5,8.75,3421,1134,3.02,59.11%,-0.422578,2025-05-30
DOCN,28.3,2025-08-15,Call,30.00,-6.01%,2.25,2.5,508,169,3.01,51.92%,0.480918,2025-05-30
AAPL,200.85,2025-06-13,Put,187.50,-6.65%,1.15,1.2,761,253,3.01,30.18%,-0.153352,2025-05-30
PLTR,131.78,2025-06-20,Put,124.00,-5.90%,3.9,4.05,1049,348,3.01,60.56%,-0.305498,2025-05-30
NCLH,17.65,2025-06-06,Call,18.00,-1.98%,0.27,0.3,1090,362,3.01,49.70%,0.39119,2025-05-30
TSLA,346.46,2025-06-06,Call,425.00,-22.67%,0.32,0.34,3948,1310,3.01,62.57%,0.026134,2025-05-30
ANET,86.64,2027-01-15,Put,80.00,-7.66%,13.1,13.7,501,167,3,41.27%,-0.309228,2025-05-30
JNJ,155.21,2025-06-20,Put,152.50,-1.75%,1.33,1.61,647,216,3,19.42%,-0.328414,2025-05-30
AMZN,205.01,2025-06-06,Call,192.50,+6.10%,12.4,12.95,543,182,2.98,28.98%,0.986632,2025-05-30
DJT,21.33,2025-07-18,Call,22.00,-3.14%,2.37,2.58,784,263,2.98,95.31%,0.535734,2025-05-30
TSLA,346.46,2025-06-06,Call,465.00,-34.21%,0.1,0.13,1215,408,2.98,62.57%,0.008882,2025-05-30
PLTR,131.78,2025-06-06,Call,122.00,+7.42%,10.95,11.6,3782,1268,2.98,60.56%,0.823333,2025-05-30
HIMS,56.56,2025-06-20,Put,56.00,-0.99%,4.45,5.65,508,171,2.97,94.25%,-0.432722,2025-05-30
MU,94.46,2025-06-13,Put,85.00,-10.01%,0.4,0.68,513,173,2.97,60.07%,-0.117517,2025-05-30
DASH,208.65,2025-06-20,Put,205.00,-1.75%,5.05,5.3,552,186,2.97,36.13%,-0.392816,2025-05-30
NFLX,1207.23,2025-06-06,Call,"1,190.00",+1.43%,27.75,29.4,1227,413,2.97,27.56%,0.658219,2025-05-30
NVDA,135.13,2025-07-11,Call,135.00,+0.10%,7.3,8.8,587,199,2.95,39.04%,0.543924,2025-05-30
SBUX,83.95,2025-06-20,Put,110.00,+31.03%,25.9,27,2700,917,2.94,31.14%,-0.873968,2025-05-30
RGTI,12.11,2025-06-06,Call,13.00,-7.35%,0.32,0.34,2772,942,2.94,98.88%,0.327486,2025-05-30
LAES,3.35,2025-09-19,Put,2.50,-25.37%,0.35,0.75,2501,860,2.91,332.27%,-0.217425,2025-05-30
PLTR,131.78,2025-06-13,Put,122.00,-7.42%,2.25,2.4,3417,1178,2.9,60.56%,-0.238621,2025-05-30
UNH,301.91,2025-06-06,Call,302.50,-0.20%,4.4,6.35,1589,550,2.89,40.72%,0.497528,2025-05-30
NVDA,135.13,2025-06-06,Put,131.00,-3.06%,1.35,1.38,15151,5241,2.89,39.04%,-0.2791,2025-05-30
BRK.B,503.96,2025-06-06,Call,505.00,-0.21%,3.2,4.05,611,212,2.88,17.08%,0.474673,2025-05-30
SPRO,2.5,2025-06-20,Call,5.00,-100.00%,0.05,0.1,1011,351,2.88,118.90%,0.169245,2025-05-30
U,26.08,2025-06-06,Call,26.50,-1.61%,1.16,1.56,1219,424,2.88,87.30%,0.484195,2025-05-30
CRWV,111.31,2025-09-19,Call,160.00,-43.74%,7.3,8,2555,887,2.88,114.17%,0.296237,2025-05-30
META,647.49,2025-06-06,Call,655.00,-1.16%,6.25,6.5,2730,948,2.88,29.59%,0.390077,2025-05-30
TEM,55.18,2025-06-06,Put,52.00,-5.76%,1.25,1.4,645,225,2.87,87.37%,-0.288463,2025-05-30
LYFT,15.24,2025-06-06,Call,15.00,+1.57%,0.51,0.54,971,338,2.87,49.36%,0.614323,2025-05-30
AMD,110.73,2025-06-13,Put,107.00,-3.37%,2.22,2.28,945,330,2.86,43.42%,-0.329213,2025-05-30
DELL,111.27,2025-06-06,Put,112.00,+0.66%,2.71,3.1,1087,380,2.86,41.34%,-0.531121,2025-05-30
MRNA,26.56,2025-06-13,Put,22.00,-17.17%,0.17,0.2,511,179,2.85,73.61%,-0.093829,2025-05-30
CRWV,111.31,2025-06-06,Put,105.00,-5.67%,4.1,4.4,1806,633,2.85,114.17%,-0.327855,2025-05-30
U,26.08,2025-06-06,Call,28.00,-7.36%,0.73,0.85,2319,814,2.85,87.30%,0.342592,2025-05-30
PLTR,131.78,2025-06-06,Put,119.00,-9.70%,0.71,0.78,3150,1104,2.85,60.56%,-0.120379,2025-05-30
EW,78.22,2025-07-18,Call,82.50,-5.47%,1.2,1.8,1007,354,2.84,25.61%,0.313292,2025-05-30
AAPL,200.85,2025-06-13,Put,197.50,-1.67%,3.45,3.6,1754,618,2.84,30.18%,-0.376628,2025-05-30
PDD,96.51,2027-06-17,Call,175.00,-81.33%,8.15,9.25,751,265,2.83,37.90%,0.313145,2025-05-30
BA,207.32,2025-07-18,Call,230.00,-10.94%,1.58,1.87,3142,1109,2.83,29.18%,0.168281,2025-05-30
BABA,113.84,2025-06-06,Call,117.00,-2.78%,0.96,1,3423,1208,2.83,35.94%,0.291578,2025-05-30
JPM,264,2025-06-06,Call,262.50,+0.57%,3.6,3.85,793,281,2.82,21.91%,0.593267,2025-05-30
DASH,208.65,2025-06-13,Call,210.00,-0.65%,5.05,5.3,1106,392,2.82,36.13%,0.484964,2025-05-30
QBTS,16.33,2027-01-15,Put,17.00,+4.10%,8.7,8.9,1983,703,2.82,115.54%,-0.230819,2025-05-30
INTC,19.55,2025-06-27,Call,20.00,-2.30%,0.76,0.81,2213,784,2.82,45.52%,0.455683,2025-05-30
COP,85.35,2025-06-20,Put,105.00,+23.02%,18.95,20,11308,4007,2.82,33.11%,-0.921621,2025-05-30
PLTR,131.78,2025-06-06,Put,121.00,-8.18%,0.92,1,2415,860,2.81,60.56%,-0.1563,2025-05-30
DJT,21.33,2025-06-06,Call,25.00,-17.21%,0.2,0.27,3132,1119,2.8,95.31%,0.152968,2025-05-30
BABA,113.84,2025-06-13,Put,115.00,+1.02%,4.15,4.3,666,239,2.79,35.94%,-0.536818,2025-05-30
ZS,275.7,2025-06-20,Call,290.00,-5.19%,2.71,3.05,773,277,2.79,30.08%,0.256723,2025-05-30
MU,94.46,2025-06-06,Put,94.00,-0.49%,2.11,2.24,1043,374,2.79,60.07%,-0.453832,2025-05-30
APLD,6.83,2025-08-15,Call,9.00,-31.77%,0.79,0.9,612,220,2.78,108.28%,0.416236,2025-05-30
BAC,44.13,2025-06-27,Call,46.00,-4.24%,0.36,0.38,1815,652,2.78,24.27%,0.251364,2025-05-30
AA,26.77,2025-06-06,Put,25.00,-6.61%,0.15,0.22,754,272,2.77,51.42%,-0.16128,2025-05-30
HOOD,66.15,2025-06-13,Put,53.00,-19.88%,0.24,0.3,517,187,2.76,63.72%,-0.062289,2025-05-30
TSLA,346.46,2025-06-13,Put,322.50,-6.92%,7.1,7.25,598,217,2.76,62.57%,-0.258466,2025-05-30
DELL,111.27,2025-06-06,Put,115.00,+3.35%,4.75,5,807,292,2.76,41.34%,-0.709802,2025-05-30
META,647.49,2025-06-06,Call,647.50,0.00%,9.75,10.05,1842,667,2.76,29.59%,0.514293,2025-05-30
MDT,82.98,2025-07-18,Call,85.00,-2.43%,1.43,1.57,2637,957,2.76,19.76%,0.385296,2025-05-30
PLTR,131.78,2025-06-13,Put,120.00,-8.94%,1.9,1.97,3014,1092,2.76,60.56%,-0.202276,2025-05-30
AMD,110.73,2025-06-06,Call,120.00,-8.37%,0.25,0.26,15958,5785,2.76,43.42%,0.087225,2025-05-30
GME,29.8,2025-07-18,Call,39.00,-30.87%,1.88,2.07,1006,366,2.75,84.32%,0.309806,2025-05-30
VZ,43.96,2025-06-20,Call,45.50,-3.50%,0.21,0.23,1330,484,2.75,19.14%,0.210678,2025-05-30
TSLA,346.46,2025-06-06,Put,370.00,+6.79%,27.4,27.6,1644,597,2.75,62.57%,-0.758541,2025-05-30
CSCO,63.04,2025-12-19,Put,62.50,-0.86%,3.75,3.95,3007,1093,2.75,17.98%,-0.425902,2025-05-30
PLTR,131.78,2025-06-13,Call,136.00,-3.20%,4.4,4.6,566,207,2.73,60.56%,0.422845,2025-05-30
HOOD,66.15,2025-06-13,Call,74.00,-11.87%,0.85,1.2,609,223,2.73,63.72%,0.220498,2025-05-30
TSLA,346.46,2025-07-03,Put,360.00,+3.91%,33.55,33.95,1048,384,2.73,62.57%,-0.535035,2025-05-30
SMCI,40.02,2025-06-06,Put,39.00,-2.55%,1.05,1.08,4658,1706,2.73,70.71%,-0.373454,2025-05-30
NVDA,135.13,2025-06-06,Call,133.00,+1.58%,3.9,4.05,7784,2851,2.73,39.04%,0.634278,2025-05-30
NVDA,135.13,2025-06-06,Put,130.00,-3.80%,1.1,1.12,50678,18656,2.72,39.04%,-0.236498,2025-05-30
RUN,7.49,2025-06-13,Put,7.50,+0.13%,0.63,0.66,658,242,2.72,118.52%,-0.457165,2025-05-30
LMND,33.5,2025-06-20,Call,39.00,-16.42%,0.65,0.75,1105,406,2.72,72.10%,0.215285,2025-05-30
MSTR,369.06,2025-06-06,Put,345.00,-6.52%,2.91,3.15,2131,784,2.72,59.11%,-0.182555,2025-05-30
GOOGL,171.74,2025-06-06,Put,162.50,-5.38%,0.33,0.34,5199,1910,2.72,27.83%,-0.093714,2025-05-30
MRVL,60.19,2025-06-13,Call,63.00,-4.67%,1.38,1.44,631,233,2.71,54.73%,0.353743,2025-05-30
PLTR,131.78,2025-06-06,Put,135.00,+2.44%,6.05,6.3,694,256,2.71,60.56%,-0.594904,2025-05-30
HIMS,56.56,2025-06-06,Put,55.00,-2.76%,1.95,2.02,2836,1046,2.71,94.25%,-0.383701,2025-05-30
XPEV,19.31,2025-06-06,Call,20.00,-3.57%,0.34,0.38,676,250,2.7,60.01%,0.355279,2025-05-30
CDNS,287.07,2025-07-18,Put,250.00,-12.91%,2.45,3.5,1060,393,2.7,33.81%,-0.147626,2025-05-30
JPM,264,2025-06-06,Call,272.50,-3.22%,0.24,0.3,795,296,2.69,21.91%,0.09798,2025-05-30
PLTR,131.78,2025-06-13,Put,127.00,-3.63%,3.85,4,852,317,2.69,60.56%,-0.350238,2025-05-30
PM,180.59,2025-08-15,Call,185.00,-2.44%,6.7,7,1153,428,2.69,23.08%,0.450264,2025-05-30
PLTR,131.78,2025-06-20,Put,127.00,-3.63%,4.95,5.15,1476,549,2.69,60.56%,-0.365928,2025-05-30
META,647.49,2025-06-06,Call,660.00,-1.93%,4.5,4.7,4806,1789,2.69,29.59%,0.309773,2025-05-30
BBAI,4.16,2025-06-27,Call,4.00,+3.85%,0.7,0.75,5419,2013,2.69,146.20%,0.621051,2025-05-30
PLTR,131.78,2025-06-06,Call,137.00,-3.96%,2.38,2.48,11567,4318,2.68,60.56%,0.342586,2025-05-30
CRWV,111.31,2026-01-16,Call,20.00,+82.03%,89.1,93.3,604,225,2.68,114.17%,0.981,2025-05-30
MRVL,60.19,2025-06-06,Put,61.00,+1.35%,2.01,2.24,706,263,2.68,54.73%,-0.558075,2025-05-30
META,647.49,2025-06-06,Put,617.50,-4.63%,1.92,2.04,824,307,2.68,29.59%,-0.134234,2025-05-30
EH,16.22,2025-06-06,Put,16.00,-1.36%,0.35,0.45,591,221,2.67,64.54%,-0.406617,2025-05-30
INMB,7.38,2025-07-18,Put,2.50,-66.12%,0.7,0.8,1456,545,2.67,306.56%,-0.070128,2025-05-30
MRVL,60.19,2025-08-15,Call,60.00,+0.32%,6.1,6.25,3193,1195,2.67,54.73%,0.566257,2025-05-30
TSLA,346.46,2025-06-06,Call,395.00,-14.01%,1,1.03,8701,3261,2.67,62.57%,0.076049,2025-05-30
CMG,50.08,2025-06-20,Call,50.00,+0.16%,1.5,1.55,13325,4992,2.67,31.12%,0.536411,2025-05-30
GME,29.8,2025-06-27,Call,29.00,+2.68%,2.8,3.4,526,198,2.66,84.32%,0.590081,2025-05-30
APP,393,2025-06-06,Call,430.00,-9.41%,3.3,5.2,943,354,2.66,70.55%,0.222225,2025-05-30
AI,26.59,2025-06-06,Put,26.00,-2.22%,0.55,0.58,1032,388,2.66,58.00%,-0.369036,2025-05-30
TSLA,346.46,2025-06-13,Put,352.50,+1.74%,20.2,20.4,1185,445,2.66,62.57%,-0.526689,2025-05-30
HIMS,56.56,2025-06-06,Put,53.00,-6.29%,1.2,1.43,1325,498,2.66,94.25%,-0.271562,2025-05-30
IVZ,14.46,2025-10-17,Call,16.00,-10.65%,0.55,0.7,1345,505,2.66,34.61%,0.336403,2025-05-30
RGTI,12.11,2025-06-06,Call,13.50,-11.48%,0.22,0.24,3019,1133,2.66,98.88%,0.243591,2025-05-30
MU,94.46,2025-08-15,Call,140.00,-48.21%,0.5,0.68,4696,1763,2.66,60.07%,0.068852,2025-05-30
PLTR,131.78,2025-06-20,Call,131.00,+0.59%,7.9,8.15,951,359,2.65,60.56%,0.551517,2025-05-30
DKNG,35.88,2025-06-20,Call,37.50,-4.52%,0.75,0.81,628,238,2.64,42.92%,0.350906,2025-05-30
DD,66.8,2025-06-06,Put,67.00,+0.30%,0.9,1.15,933,354,2.64,28.01%,-0.524208,2025-05-30
OKTA,103.17,2025-06-06,Put,100.00,-3.07%,0.73,0.83,1053,399,2.64,35.52%,-0.245942,2025-05-30
NVDA,135.13,2025-06-06,Put,123.00,-8.98%,0.24,0.25,4545,1726,2.63,39.04%,-0.06308,2025-05-30
OKLO,52.72,2025-06-06,Put,53.00,+0.53%,3.1,3.4,627,239,2.62,105.75%,-0.483406,2025-05-30
BABA,113.84,2025-06-20,Call,118.00,-3.65%,1.9,1.98,1352,517,2.62,35.94%,0.336889,2025-05-30
MSTR,369.06,2025-06-06,Call,360.00,+2.45%,16.1,16.45,1710,652,2.62,59.11%,0.646208,2025-05-30
CSCO,63.04,2025-06-06,Call,63.00,+0.06%,0.53,0.67,1721,656,2.62,17.98%,0.520544,2025-05-30
RGTI,12.11,2025-06-06,Call,12.50,-3.22%,0.46,0.49,2224,848,2.62,98.88%,0.430221,2025-05-30
GME,29.8,2025-06-06,Call,30.50,-2.35%,0.78,0.85,3063,1167,2.62,84.32%,0.420823,2025-05-30
NVDA,135.13,2025-06-06,Call,140.00,-3.60%,0.95,0.97,106231,40773,2.61,39.04%,0.248258,2025-05-30
ADBE,415.09,2025-06-06,Call,415.00,+0.02%,5.75,6,742,284,2.61,43.65%,0.517665,2025-05-30
U,26.08,2025-06-27,Call,30.00,-15.03%,1.21,1.5,1155,443,2.61,87.30%,0.342782,2025-05-30
NFLX,1207.23,2025-06-06,Call,"1,220.00",-1.06%,11.7,12.75,1210,463,2.61,27.56%,0.403638,2025-05-30
UBER,84.16,2025-06-06,Call,84.00,+0.19%,1.62,1.71,2510,963,2.61,37.70%,0.532136,2025-05-30
NKE,60.59,2025-06-06,Call,64.00,-5.63%,0.11,0.14,3746,1438,2.61,46.55%,0.106104,2025-05-30
TSLA,346.46,2025-06-06,Put,310.00,-10.52%,1.3,1.33,7206,2761,2.61,62.57%,-0.090774,2025-05-30
OKLO,52.72,2025-06-06,Call,70.00,-32.78%,0.27,0.29,509,196,2.6,105.75%,0.070817,2025-05-30
AUR,6.06,2025-06-13,Put,6.00,-0.99%,0.3,0.4,530,204,2.6,82.79%,-0.440525,2025-05-30
HIMS,56.56,2025-06-06,Call,58.00,-2.55%,2.15,2.38,1688,650,2.6,94.25%,0.445323,2025-05-30
FCX,38.48,2025-06-20,Put,55.00,+42.93%,16.45,16.6,3450,1326,2.6,42.31%,-0.959663,2025-05-30
INTC,19.55,2025-06-06,Put,19.00,-2.81%,0.24,0.25,12920,4964,2.6,45.52%,-0.306546,2025-05-30
GOOGL,171.74,2025-06-13,Call,182.50,-6.27%,0.63,0.65,605,234,2.59,27.83%,0.13972,2025-05-30
LRCX,80.79,2025-06-06,Call,84.00,-3.97%,0.52,0.75,650,251,2.59,40.16%,0.229876,2025-05-30
BABA,113.84,2025-06-06,Put,105.00,-7.77%,0.2,0.21,786,304,2.59,35.94%,-0.072025,2025-05-30
CORT,77.56,2025-08-15,Put,70.00,-9.75%,5.5,7.6,1001,386,2.59,81.46%,-0.30555,2025-05-30
CVS,64.04,2025-06-06,Call,65.00,-1.50%,0.64,0.72,1766,682,2.59,30.44%,0.373829,2025-05-30
MSTR,369.06,2025-06-06,Call,410.00,-11.09%,1.17,1.24,3311,1277,2.59,59.11%,0.093372,2025-05-30
PLTR,131.78,2025-06-06,Put,116.00,-11.97%,0.45,0.49,6669,2572,2.59,60.56%,-0.081158,2025-05-30
PANW,192.42,2025-06-06,Put,182.50,-5.16%,0.39,0.46,541,210,2.58,28.85%,-0.104563,2025-05-30
GOOGL,171.74,2025-06-13,Put,162.50,-5.38%,1.02,1.05,959,372,2.58,27.83%,-0.174414,2025-05-30
AAPL,200.85,2025-06-06,Put,192.50,-4.16%,0.77,0.8,5452,2117,2.58,30.18%,-0.162275,2025-05-30
COIN,246.62,2025-06-13,Put,230.00,-6.74%,3.9,4.1,694,270,2.57,56.25%,-0.239598,2025-05-30
ABBV,186.11,2025-06-06,Call,187.50,-0.75%,1.96,2.44,743,289,2.57,27.49%,0.423938,2025-05-30
CRWV,111.31,2025-08-15,Call,135.00,-21.28%,10,11.5,1824,709,2.57,114.17%,0.399364,2025-05-30
TSM,193.32,2025-06-06,Call,197.50,-2.16%,1.48,1.82,3779,1468,2.57,33.33%,0.324965,2025-05-30
ALAB,90.72,2025-06-20,Put,90.00,-0.79%,4.9,5.2,540,211,2.56,63.70%,-0.443935,2025-05-30
GOOG,172.85,2025-07-03,Call,175.00,-1.24%,4.8,4.9,759,297,2.56,27.68%,0.47213,2025-05-30
AMD,110.73,2025-06-06,Call,109.00,+1.56%,3.5,3.55,1748,682,2.56,43.42%,0.623637,2025-05-30
CELH,37.88,2025-06-06,Call,38.00,-0.32%,1.1,1.15,1949,760,2.56,55.39%,0.502686,2025-05-30
DG,97.25,2025-06-20,Call,120.00,-23.39%,0.29,0.41,3006,1174,2.56,48.52%,0.069048,2025-05-30
AI,26.59,2025-06-06,Call,26.50,+0.34%,0.89,0.93,608,238,2.55,58.00%,0.536241,2025-05-30
GOOG,172.85,2025-06-13,Call,172.50,+0.20%,3.9,4,1024,401,2.55,27.68%,0.535859,2025-05-30
BIDU,81.9,2025-06-06,Call,85.00,-3.79%,0.5,0.64,1116,437,2.55,34.94%,0.233697,2025-05-30
HIMS,56.56,2025-06-06,Call,56.00,+0.99%,3.05,3.2,1920,752,2.55,94.25%,0.558506,2025-05-30
TSLA,346.46,2025-06-06,Call,405.00,-16.90%,0.66,0.68,5070,1987,2.55,62.57%,0.051431,2025-05-30
RRGB,5.1,2025-07-18,Call,5.00,+1.96%,0.7,0.85,659,259,2.54,106.27%,0.598726,2025-05-30
HOOD,66.15,2025-06-13,Call,64.00,+3.25%,4.5,4.6,687,270,2.54,63.72%,0.631206,2025-05-30
APP,393,2025-06-06,Call,420.00,-6.87%,5.3,8,1209,476,2.54,70.55%,0.291108,2025-05-30
CVS,64.04,2025-06-06,Put,62.00,-3.19%,0.34,0.4,551,218,2.53,30.44%,-0.220834,2025-05-30
MRVL,60.19,2025-06-20,Call,61.00,-1.35%,2.78,2.86,651,257,2.53,54.73%,0.491821,2025-05-30
NVDA,135.13,2025-06-13,Call,147.00,-8.78%,0.6,0.62,3092,1224,2.53,39.04%,0.130328,2025-05-30
AEG,7.19,2026-01-16,Call,7.50,-4.31%,0.4,0.6,558,221,2.52,34.75%,0.415318,2025-05-30
HIMS,56.56,2025-06-06,Call,59.00,-4.31%,1.76,1.97,924,367,2.52,94.25%,0.39443,2025-05-30
UNH,301.91,2025-06-06,Call,307.50,-1.85%,3.95,4.25,1251,497,2.52,40.72%,0.375473,2025-05-30
NFLX,1207.23,2025-06-06,Put,"1,175.00",-2.67%,6.2,6.6,592,236,2.51,27.56%,-0.229607,2025-05-30
BBWI,28.12,2026-01-16,Call,35.00,-24.47%,1.65,1.85,1005,401,2.51,41.80%,0.327115,2025-05-30
CRM,265.37,2025-06-06,Call,265.00,+0.14%,3.95,4.35,1276,508,2.51,28.40%,0.529386,2025-05-30
BA,207.32,2025-06-06,Put,205.00,-1.12%,1.88,2.09,1425,568,2.51,29.18%,-0.36726,2025-05-30
INTC,19.55,2025-06-13,Put,18.50,-5.37%,0.26,0.28,3129,1245,2.51,45.52%,-0.24992,2025-05-30
MSTR,369.06,2025-06-06,Put,210.00,-43.10%,0.07,0.1,4057,1618,2.51,59.11%,-0.003281,2025-05-30
INTC,19.55,2025-12-19,Call,27.00,-38.11%,0.92,0.95,628,251,2.5,45.52%,0.254458,2025-05-30
BAC,44.13,2025-06-13,Put,43.50,-1.43%,0.62,0.65,668,268,2.49,24.27%,-0.377971,2025-05-30
COO,68.28,2025-06-20,Put,70.00,+2.52%,2.75,3.3,1284,516,2.49,33.37%,-0.60383,2025-05-30
NVDA,135.13,2025-06-27,Call,137.00,-1.38%,4.9,5,2693,1081,2.49,39.04%,0.480272,2025-05-30
EOSE,4.16,2025-06-06,Call,4.50,-8.17%,0.11,0.13,737,297,2.48,99.95%,0.324253,2025-05-30
SWKS,69.03,2025-06-20,Put,100.00,+44.86%,30.8,31.1,780,315,2.48,38.09%,-0.966004,2025-05-30
INTC,19.55,2025-06-13,Put,18.00,-7.93%,0.16,0.17,2525,1018,2.48,45.52%,-0.165135,2025-05-30
GOOGL,171.74,2025-06-06,Call,177.50,-3.35%,0.6,0.62,7684,3095,2.48,27.83%,0.187336,2025-05-30
DJT,21.33,2025-06-20,Put,30.00,+40.65%,8.9,9.1,11119,4478,2.48,95.31%,-0.861822,2025-05-30
MP,21.79,2025-06-06,Call,21.00,+3.63%,1,1.55,507,205,2.47,84.34%,0.639921,2025-05-30
JPM,264,2025-06-13,Put,255.00,-3.41%,1.14,1.61,548,222,2.47,21.91%,-0.203536,2025-05-30
NBIS,36.75,2025-06-06,Put,35.00,-4.76%,0.65,1,621,251,2.47,76.88%,-0.284837,2025-05-30
JD,32.41,2025-06-06,Call,33.50,-3.36%,0.29,0.32,715,290,2.47,39.24%,0.285017,2025-05-30
AVGO,242.07,2025-06-20,Put,240.00,-0.86%,10.95,11.15,1327,538,2.47,49.67%,-0.443179,2025-05-30
DKNG,35.88,2025-06-06,Call,35.00,+2.45%,1.31,1.38,886,360,2.46,42.92%,0.681684,2025-05-30
PLTR,131.78,2025-06-06,Call,147.00,-11.55%,0.64,0.69,962,391,2.46,60.56%,0.119189,2025-05-30
NVDA,135.13,2025-07-03,Call,142.00,-5.08%,3,4,1823,741,2.46,39.04%,0.367682,2025-05-30
NVDA,135.13,2025-06-06,Put,129.00,-4.54%,0.89,0.91,9541,3880,2.46,39.04%,-0.201205,2025-05-30
"Downloaded from Barchart.com as of 06-02-2025 07:36am CDT"
